id_a,id_b,similarity
기관손상_석유제품운반선_제1은희호_기관손상사건,해양오염_카페리여객선_슬로아일랜드_해양오염사건,0.6862
기관손상_석유제품운반선_제1은희호_기관손상사건,좌초_여객선_북도고속페리호_좌초사건_1,0.6854
기관손상_석유제품운반선_제1은희호_기관손상사건,충돌_어선_다온호.산적화물선_버러티_충돌사건,0.6669
기관손상_석유제품운반선_제1은희호_기관손상사건,접촉_카페리여객선_송림블루오션_부두접촉사건,0.6609
기관손상_어선_제209신광호_기관손상사건,인명사상_어선_제809주영호_선원부상사건,0.8069
기관손상_어선_제209신광호_기관손상사건,좌초_어선_제83양진호_좌초사건,0.7931
기관손상_어선_제209신광호_기관손상사건,인명사상_어선_제809주영호_선원사망사건,0.8203
기관손상_어선_제209신광호_기관손상사건,좌초_어선_대창호_좌초사건,0.7871
기관손상_카페리선_골드카페리호_기관손상사건,해양오염_유류운반부선_은성_해양오염사건,0.6715
기관손상_카페리선_골드카페리호_기관손상사건,좌초_여객선_북도고속페리호_좌초사건_1,0.6989
기관손상_카페리선_골드카페리호_기관손상사건,화재_카페리선_골드카페리호_화재사건,0.6802
기관손상_카페리선_골드카페리호_기관손상사건,해양오염_어선_제123대양호_해양오염사건,0.6678
기관손상_카페리여객선_대형카훼리3호_기관손상사건,화재_어선_채민호_화재사건,0.731
기관손상_카페리여객선_대형카훼리3호_기관손상사건,충돌_카페리여객선_태평양_3호-어선_제2입성호_충돌사건,0.7271
기관손상_카페리여객선_대형카훼리3호_기관손상사건,화재_어선_제107부창호_화재사건,0.7381
기관손상_카페리여객선_대형카훼리3호_기관손상사건,"충돌_어선_제307풍성호,_컨테이너운반선_에스아이티씨_얀타이_충돌사건",0.7192
기관손상_카페리여객선_드림아일랜드호_기관손상사건,기관손상_카페리여객선_섬사랑6호_기관손상사건,0.6965
기관손상_카페리여객선_드림아일랜드호_기관손상사건,추진축계손상_도선_여수경도골프앤리조트호_추진축계손상사건,0.7311
기관손상_카페리여객선_드림아일랜드호_기관손상사건,운항저해_카페리여객선_비금아일랜드호_운항저해사건,0.8091
기관손상_카페리여객선_드림아일랜드호_기관손상사건,인명사상_어선_신영51호_선원사망사건,0.6877
기관손상_카페리여객선_섬사랑6호_기관손상사건,충돌_카페리여객선_오션_비스타_제주&해경함_3012함_충돌사건,0.772
기관손상_카페리여객선_섬사랑6호_기관손상사건,"충돌_어선_제7청진호,_어선_포레나호_충돌사건",0.7679
기관손상_카페리여객선_섬사랑6호_기관손상사건,"충돌_기타선_코롤2호,_일반화물선_엠엠러너_충돌사건",0.7562
기관손상_카페리여객선_섬사랑6호_기관손상사건,충돌_화물_및_카페리선_세주프런티어호&기타선_해천마린2호,0.7549
기타_광석운반선_시노글로리호_침수사건,전복_모터보트_송광2호_전복사건,0.685
기타_광석운반선_시노글로리호_침수사건,기타_어선_신아호_침수사건,0.6876
기타_광석운반선_시노글로리호_침수사건,해양오염_카페리선_씨월드_마린_해양오염사건,0.7058
기타_광석운반선_시노글로리호_침수사건,폭발_컨테이너선_케이엠티씨_홍콩호_폭발사건,0.6838
기타_낚시어선_호진호_선체손상사건,좌초_어선_해성호_좌초사건,0.7259
기타_낚시어선_호진호_선체손상사건,좌초_낚시어선_짱구피싱호_좌초사건,0.7141
기타_낚시어선_호진호_선체손상사건,좌초_낚시어선_초이스호_좌초사건,0.6984
기타_낚시어선_호진호_선체손상사건,충돌_낚시어선_화성호_낚시어선_뉴웨이브호_충돌사건,0.6983
기타_산적화물선_씨칭다오_기관실_침수사건,해양오염_유류운반부선_은성_해양오염사건,0.7543
기타_산적화물선_씨칭다오_기관실_침수사건,해양오염_유류운반부선_5덕승호_해양오염사건,0.7453
기타_산적화물선_씨칭다오_기관실_침수사건,인명사상_급유선_대양호_선원_등_부상사건,0.7433
기타_산적화물선_씨칭다오_기관실_침수사건,화재_예인선_에스에스_티3_화재사건,0.7251
기타_어선_동강2호_닻줄_손상사건,충돌_어선_도청호ㆍ어선_제206동양호_충돌사건,0.7223
기타_어선_동강2호_닻줄_손상사건,충돌_어선_삼양호.낚시어선_대진호_충돌사건,0.7181
기타_어선_동강2호_닻줄_손상사건,좌초_어선_제2019덕성호_좌초사건,0.7109
기타_어선_동강2호_닻줄_손상사건,좌초_모래운반선_505삼일호_좌초사건,0.7054
기타_어선_신아호_침수사건,전복_어선_2008만선호_전복사건,0.7573
기타_어선_신아호_침수사건,좌초_낚시어선_라이트호_좌초사건,0.7729
기타_어선_신아호_침수사건,전복_어선_제102해진호_전복사건,0.7414
기타_어선_신아호_침수사건,충돌_예인선_현대쥬베일호·어선_제311명천호_충돌사건,0.7408
기타_어선_제207성진호_침수사건,인명사상_어선_제307영용호_선원사망사건,0.8116
기타_어선_제207성진호_침수사건,인명사상_어선_제101통영호_선원사상사건,0.8058
기타_어선_제207성진호_침수사건,화재_제2017국제호_화재사건,0.8044
기타_어선_제207성진호_침수사건,충돌_어선_제69해동호&산적화물선_오션레전드_충돌사건,0.8031
기타_여객선_북도고속페리호_정박_부표줄_감김사건,좌초_여객선_북도고속페리호_좌초사건,0.7834
기타_여객선_북도고속페리호_정박_부표줄_감김사건,좌초_여객선_북도고속페리호_좌초사건_1,0.79
기타_여객선_북도고속페리호_정박_부표줄_감김사건,충돌_카페리여객선_비금아일랜드호·어선_영준2호_등_3척_충돌사건,0.7518
기타_여객선_북도고속페리호_정박_부표줄_감김사건,인명사상_어선_제505협신호_선원사망사건,0.7389
기타_여객선_씨스타11호_기타(객실_창문_손상)사건,침몰_예인선_제2종영호_침몰사건,0.6534
기타_여객선_씨스타11호_기타(객실_창문_손상)사건,화재_어선_만금호_화재사건,0.6447
기타_여객선_씨스타11호_기타(객실_창문_손상)사건,충돌_어선_광영호_좌초사건,0.6471
기타_여객선_씨스타11호_기타(객실_창문_손상)사건,화재_어선_배양호_화재사건,0.6601
기타_예인선_201해송의_피예인부선_마린1호_침수사건,시설물손상_유류_및_액체화학품산적운반선_거영드림3_폭발사건,0.6903
기타_예인선_201해송의_피예인부선_마린1호_침수사건,기타_철광석운반선_솔라앰버(SOLAR_EMBER)_기타(선체외판손상)_사건,0.6829
기타_예인선_201해송의_피예인부선_마린1호_침수사건,폭발_컨테이너선_케이엠티씨_홍콩호_폭발사건,0.6954
기타_예인선_201해송의_피예인부선_마린1호_침수사건,충돌_액화석유가스운반선_제9에스제이가스_케미칼운반선_케이티에스블루_89fde571,0.6745
기타_예인선_강남티-15호_침수사건,접촉_컨테이너선_밀라노브릿지_부산신항_크레인_접촉사건_1,0.7551
기타_예인선_강남티-15호_침수사건,접촉_컨테이너선_밀라노브릿지_부산신항_크레인_접촉사건,0.7733
기타_예인선_강남티-15호_침수사건,충돌_예인선_부경103호의_피예인부선_광진1501호·어선_신성호_충돌사건,0.7616
기타_예인선_강남티-15호_침수사건,좌초_예인선_해건티1호의_피예인부선_해건9001호_좌초사건,0.7416
기타_철광석운반선_솔라앰버(SOLAR_EMBER)_기타(선체외판손상)_사건,폭발_컨테이너선_케이엠티씨_홍콩호_폭발사건,0.7443
기타_철광석운반선_솔라앰버(SOLAR_EMBER)_기타(선체외판손상)_사건,기타_철광석운반선_스텔라유니콘(STELLAR_UNICORN)_기타(선체외판손상)_사건,0.793
기타_철광석운반선_솔라앰버(SOLAR_EMBER)_기타(선체외판손상)_사건,기타_철광석운반선_스텔라퀸_기타(상갑판손상)사건,0.7305
기타_철광석운반선_스텔라유니콘(STELLAR_UNICORN)_기타(선체외판손상)_사건,폭발_어선_209금영호_폭발사건,0.6707
기타_철광석운반선_스텔라유니콘(STELLAR_UNICORN)_기타(선체외판손상)_사건,기타_철광석운반선_스텔라퀸_기타(상갑판손상)사건,0.8183
기타_예인선_강남티-15호_침수사건,기타_철광석운반선_스텔라유니콘(STELLAR_UNICORN)_기타(선체외판손상)_사건,0.6705
기타_철광석운반선_스텔라퀸_기타(상갑판손상)사건,충돌_예인선_에스에스_티3호의_피예인부선_에스에스_비1호_·어선_거성호_충돌ᄉ_48e1432b,0.6693
기타_철광석운반선_스텔라퀸_기타(상갑판손상)사건,접촉_유조선_동아_테미스_부두접촉사건,0.6646
속구손상_예인선_36금양호_속구손상사건,인명사상_어선_제203대영호_선원부상사건,0.7707
속구손상_예인선_36금양호_속구손상사건,좌초_시멘트운반선_한라1호_좌초사건,0.7599
속구손상_예인선_36금양호_속구손상사건,좌초_예인선_해건티1호의_피예인부선_해건9001호_좌초사건,0.803
속구손상_예인선_36금양호_속구손상사건,충돌_예인선_현대쥬베일호·어선_제311명천호_충돌사건,0.7594
시설물손상_어선_베드로호_양식장_손상사건,좌초_어선_라온호_좌초사건,0.7445
시설물손상_어선_베드로호_양식장_손상사건,접촉_기타선_강남티-3호_양식장접촉사건,0.7308
시설물손상_어선_베드로호_양식장_손상사건,충돌_어선_제2019하람호-어선_수광호_충돌사건,0.7172
시설물손상_어선_베드로호_양식장_손상사건,좌초_어선_해성호_좌초사건,0.7156
시설물손상_여객선_북도고속페리호_장봉도선착장_손상사건,접촉_여객선_샹쉐란_부두접촉사건,0.711
시설물손상_여객선_북도고속페리호_장봉도선착장_손상사건,좌초_여객선_북도고속페리호_좌초사건_1,0.7033
시설물손상_여객선_북도고속페리호_장봉도선착장_손상사건,전복_모터보트_혜성호_전복사건,0.7142
시설물손상_여객선_북도고속페리호_장봉도선착장_손상사건,운항저해_여객선_북도고속페리호_운항저해사건,0.7593
시설물손상_예인선_201교동호의_피예인부선_교동비피101호에_의한_어선_연가_d7a3b8d4,전복_공사작업용부선_동방2005호_전복사건,0.7245
시설물손상_예인선_201교동호의_피예인부선_교동비피101호에_의한_어선_연가_d7a3b8d4,인명사상_예인선_제3001광진호_선원사망사건,0.7234
시설물손상_예인선_201교동호의_피예인부선_교동비피101호에_의한_어선_연가_d7a3b8d4,화재_어선_201태창호_화재사건,0.7161
시설물손상_예인선_201교동호의_피예인부선_교동비피101호에_의한_어선_연가_d7a3b8d4,접촉_예인선_303고려호의_피예인부선_5005영빈호_시아해등부표접촉사건,0.7145
시설물손상_유류_및_액체화학품산적운반선_거영드림3_폭발사건,폭발_컨테이너선_케이엠티씨_홍콩호_폭발사건,0.7025
시설물손상_유류_및_액체화학품산적운반선_거영드림3_폭발사건,충돌_액화석유가스운반선_제9에스제이가스_케미칼운반선_케이티에스블루_89fde571,0.6894
시설물손상_유류_및_액체화학품산적운반선_거영드림3_폭발사건,인명사상_유류_및_액체화학품산적운반선_아라하나_선원사망사건,0.6886
시설물손상_철광석운반선_스텔라퀸기타(상갑판_손상)사건,전복_어선_제1부경호_전복사건,0.6994
시설물손상_철광석운반선_스텔라퀸기타(상갑판_손상)사건,해양오염_액체화학품산적운반선_107효동케미_해양오염사건,0.7554
시설물손상_철광석운반선_스텔라퀸기타(상갑판_손상)사건,해양오염_예인선_동아티3호_해양오염사건,0.6967
시설물손상_철광석운반선_스텔라퀸기타(상갑판_손상)사건,해양오염_어선_제123대양호_해양오염사건,0.7076
운항저해_여객선_북도고속페리호_운항저해사건,좌초_여객선_북도고속페리호_좌초사건_1,0.7279
운항저해_여객선_북도고속페리호_운항저해사건,전복_모터보트_혜성호_전복사건,0.6892
운항저해_여객선_북도고속페리호_운항저해사건,접촉_여객선_샹쉐란_부두접촉사건,0.6802
운항저해_카페리여객선_비금아일랜드호_운항저해사건,추진축계손상_도선_여수경도골프앤리조트호_추진축계손상사건,0.7579
운항저해_카페리여객선_비금아일랜드호_운항저해사건,전복_어선_2006만진호_전복사건,0.7243
기관손상_카페리여객선_섬사랑6호_기관손상사건,운항저해_카페리여객선_비금아일랜드호_운항저해사건,0.717
인명사상_광석운반선_시_차오페이뎬_선원사망사건,접촉_산적화물선_윌리엄_올덴도르프_부두접촉사건,0.6784
인명사상_광석운반선_시_차오페이뎬_선원사망사건,화재_일반화물선_한진그린호_화재사건,0.6782
인명사상_광석운반선_시_차오페이뎬_선원사망사건,충돌_어선_삼양호.낚시어선_대진호_충돌사건,0.6642
인명사상_광석운반선_시_차오페이뎬_선원사망사건,접촉_기타선(실습선)_세계로_등부표_접촉사건,0.6568
인명사상_급유선_대양호_선원_등_부상사건,인명사상_어선_청강호_선원사망사건,0.7194
인명사상_급유선_대양호_선원_등_부상사건,해양오염_유류운반부선_은성_해양오염사건,0.697
인명사상_급유선_대양호_선원_등_부상사건,인명사상_어선_대건호_선원부상사건,0.6909
인명사상_기타선_빼리호_전복사건,인명사상_예인선_효종호_선원사망사건,0.6873
인명사상_기타선_빼리호_전복사건,인명사상_어업지도선_무궁화37호_선원사망사건,0.6821
기타_어선_제207성진호_침수사건,인명사상_기타선_빼리호_전복사건,0.6772
인명사상_기타선_빼리호_전복사건,인명사상_예인선_전남912호의_피예인부선_6001고려호_선원사망사건,0.6752
인명사상_기타선_해바라기호_관광객부상사건,접촉_낚시어선_준성호_해상펜션구조물_접촉사건,0.6847
인명사상_기타선_해바라기호_관광객부상사건,충돌_어선_제202경남호_어선_경민호_충돌사건,0.6657
인명사상_기타선_해바라기호_관광객부상사건,충돌_석유제품운반선_카리스_낚시어선_선경호_충돌사건,0.6585
인명사상_기타선_해바라기호_관광객부상사건,접촉_낚시어선_챌린지피싱호_돌핀접촉사건,0.6578
인명사상_낚시어선_다원호_승객부상사건,충돌_낚시어선_유빈호_모터보트_대양호_충돌사건,0.7898
인명사상_낚시어선_다원호_승객부상사건,충돌_낚시어선_스텔라호_어선_동성호_충돌사건,0.7537
인명사상_낚시어선_다원호_승객부상사건,충돌_낚시어선_라온호_낚시어선_대양1호_충돌사건,0.7413
인명사상_낚시어선_다원호_승객부상사건,충돌_카페리여객선_욕지영동골드고속호.낚시어선_제2비너스호_충돌사건,0.7276
인명사상_낚시어선_삼흥호_승객사망사건,좌초_낚시어선_동우호_좌초사건,0.6696
인명사상_낚시어선_삼흥호_승객사망사건,충돌_석유제품운반선_카리스_낚시어선_선경호_충돌사건,0.6856
인명사상_낚시어선_삼흥호_승객사망사건,"충돌_어선_태종호,_어선_단경호_충돌사건",0.6586
인명사상_낚시어선_삼흥호_승객사망사건,"충돌_낚시어선_블랙이글호,_모터보트_성진호_충돌사건",0.6581
인명사상_낚시어선_신진호_승객부상사건,인명사상_어선_제2천양호_선원부상사건,0.7399
인명사상_낚시어선_신진호_승객부상사건,인명사상_예인선_77신정호_선원부상사건,0.7291
인명사상_낚시어선_신진호_승객부상사건,인명사상_어선_제609천금호_선원부상사건,0.7004
인명사상_낚시어선_신진호_승객부상사건,인명사상_어선_206분도호_선원사망사건,0.6988
인명사상_낚시어선_트윈스호_수중레저활동자_부상사건,충돌_낚시어선_팀루비나호-고무보트_선명무_충돌사건,0.7789
인명사상_낚시어선_트윈스호_수중레저활동자_부상사건,좌초_낚시어선_나이키호_좌초사건,0.8007
인명사상_낚시어선_트윈스호_수중레저활동자_부상사건,좌초_어선_창원호_좌초사건,0.7466
인명사상_낚시어선_트윈스호_수중레저활동자_부상사건,충돌_어선_제69해동호&산적화물선_오션레전드_충돌사건,0.7424
인명사상_모터보트_라운지_잠수부_사망사건,좌초_모터보트_라운지_부유물_감김으로_인한_좌초사건,0.7699
인명사상_모터보트_라운지_잠수부_사망사건,인명사상_모터보트_로얄마린_수중레저활동자_사망사건,0.72
인명사상_모터보트_라운지_잠수부_사망사건,충돌_세일링요트_니모호_전복사건,0.7025
인명사상_모터보트_라운지_잠수부_사망사건,인명사상_어선_제307영용호_선원사망사건,0.7007
인명사상_모터보트_로얄마린_수중레저활동자_사망사건,충돌_세일링요트_니모호_전복사건,0.7323
인명사상_모터보트_로얄마린_수중레저활동자_사망사건,좌초_어선_서온호_좌초사건,0.7118
인명사상_모터보트_로얄마린_수중레저활동자_사망사건,"충돌_어선_제7청진호,_어선_포레나호_충돌사건",0.7077
인명사상_부선_한강6호_선원사망사건,"충돌_낚시어선_스피드호,_어선_풍정호_충돌사건",0.6563
인명사상_부선_한강6호_선원사망사건,전복_예인선_재원1호의_피예인부선_미래9003호_전복사건,0.6516
인명사상_부선_한강6호_선원사망사건,인명사상_어선_제33동익호_선원사망사건,0.6758
인명사상_부선_한강6호_선원사망사건,인명사상_예인선_현대쥬베일호_선원사망사건,0.6489
인명사상_산적화물선_디엘아이비_작업원_사망사건,충돌_예인선_광진107호-어선_제212창성호_충돌사건,0.7373
인명사상_산적화물선_디엘아이비_작업원_사망사건,인명사상_어선_제21남경호_부유물감김사건으로_인한_선원사망사건,0.7314
인명사상_산적화물선_디엘아이비_작업원_사망사건,화재_일반화물선_한진그린호_화재사건,0.7214
인명사상_산적화물선_디엘아이비_작업원_사망사건,접촉_산적화물선_윌리엄_올덴도르프_부두접촉사건,0.713
인명사상_산적화물선_프린세스호_작업원부상사건,인명사상_액화천연가스운반선_현대_테크노피아_선원사망사건,0.7199
인명사상_산적화물선_프린세스호_작업원부상사건,인명사상_어선_제2017세종호_선원사망사건,0.7126
인명사상_산적화물선_프린세스호_작업원부상사건,인명사상_어선_제2창성호_선원실종사건,0.7003
인명사상_산적화물선_프린세스호_작업원부상사건,인명사상_액체화학품산적운반선_골든_브리지_하나_선원사망사건,0.6696
인명사상_석유제품운반선_한유비전_선원부상사건,해양오염_일반화물선_포스_해양오염사건,0.7451
인명사상_석유제품운반선_한유비전_선원부상사건,접촉_석유제품운반선_삼진1호_방파제접촉사건,0.7441
인명사상_석유제품운반선_한유비전_선원부상사건,전복_예인선_101유한_전복사건,0.7423
인명사상_석유제품운반선_한유비전_선원부상사건,인명사상_어선_제33동익호_선원사망사건,0.7378
인명사상_시험조사선_이사부호_선원사망사건,충돌_어선_제76대창호.어선_제2대부호_충돌사건,0.6266
인명사상_시험조사선_이사부호_선원사망사건,인명사상_어선_신영51호_선원사망사건,0.6365
인명사상_시험조사선_이사부호_선원사망사건,인명사상_어선_제27연정호_선원사망사건,0.624
인명사상_시험조사선_이사부호_선원사망사건,화재_어선_제212창성호_화재사건,0.6192
인명사상_액체화학품산적운반선_골든_브리지_하나_선원사망사건,인명사상_어선_제2017세종호_선원사망사건,0.7043
인명사상_액체화학품산적운반선_골든_브리지_하나_선원사망사건,인명사상_어선_제505한진호_선원부상사건,0.6759
인명사상_액체화학품산적운반선_골든_브리지_하나_선원사망사건,인명사상_어선_206분도호_선원사망사건,0.693
인명사상_액체화학품산적운반선_골든_브리지_하나_선원사망사건,인명사상_어선_제107명진호_선원사망사건,0.694
인명사상_액화천연가스운반선_현대_테크노피아_선원사망사건,인명사상_어선_제2017세종호_선원사망사건,0.7329
인명사상_액화천연가스운반선_현대_테크노피아_선원사망사건,좌초_예인선_해건티1호의_피예인부선_해건9001호_좌초사건,0.7323
기타_예인선_강남티-15호_침수사건,인명사상_액화천연가스운반선_현대_테크노피아_선원사망사건,0.7268
인명사상_액화천연가스운반선_현대_테크노피아_선원사망사건,인명사상_예인선_77신정호_선원부상사건,0.7203
인명사상_어선_103대승호_선원부상사건,인명사상_어선_제793금정호_선원실종사건,0.7567
인명사상_어선_103대승호_선원부상사건,"충돌_어선_제903청룡호,_어선_제2010대승호_충돌사건",0.7625
인명사상_어선_103대승호_선원부상사건,"충돌_낚시어선_시온호,_어선_97흥성호_충돌사건",0.743
인명사상_어선_103대승호_선원부상사건,좌초_어선_제26남성호_좌초사건,0.7365
인명사상_어선_12재성호_선원부상사건,인명사상_어선_명성호_선원사상사건,0.7032
인명사상_어선_12재성호_선원부상사건,인명사상_어선_제21구진호_선원부상사건,0.6892
인명사상_어선_12재성호_선원부상사건,인명사상_어선_제77태광호_선원부상사건,0.6845
인명사상_어선_12재성호_선원부상사건,인명사상_어선_정복호_선원부상사건,0.6838
인명사상_어선_1만복호_선원사망사건,인명사상_어선_제505협신호_선원사망사건_1,0.8776
인명사상_어선_1만복호_선원사망사건,인명사상_어선_제207해선호_선원사망사건,0.8353
인명사상_어선_1만복호_선원사망사건,인명사상_어선_동운호_선원사망사건,0.7812
인명사상_어선_1만복호_선원사망사건,인명사상_어선_제7만복호_선원사망사건,0.7727
인명사상_어선_2020안성호_선원사망사건,인명사상_어선_제21남경호_부유물감김사건으로_인한_선원사망사건,0.8095
인명사상_어선_2020안성호_선원사망사건,인명사상_어선_313태양호_선원사망사건,0.7606
인명사상_어선_2020안성호_선원사망사건,좌초_어선_제2019덕성호_좌초사건,0.7312
인명사상_어선_2020안성호_선원사망사건,충돌_어선_제2017대청호&어선_경덕호_충돌사건,0.7262
인명사상_어선_202미성호_선원사망사건,인명사상_어선_206분도호_선원사망사건,0.8361
인명사상_어선_202미성호_선원사망사건,인명사상_어선_제609천금호_선원부상사건,0.7609
인명사상_어선_202미성호_선원사망사건,인명사상_어선_은성호_선원사망사건,0.8365
인명사상_어선_202미성호_선원사망사건,인명사상_어선_제107명진호_선원사망사건,0.7539
인명사상_어선_203남광호_선원사망사건,인명사상_어선_제205금성호_선원사망사건,0.7587
인명사상_어선_203남광호_선원사망사건,인명사상_어선_301광명호_선원사망사건,0.7902
인명사상_어선_203남광호_선원사망사건,인명사상_어선_27협신호_선원사망사건,0.8162
인명사상_어선_203남광호_선원사망사건,충돌_어선_대원호.어선_희주호_충돌사건,0.7569
인명사상_어선_206분도호_선원사망사건,인명사상_어선_제609천금호_선원부상사건,0.7832
인명사상_어선_206분도호_선원사망사건,인명사상_어선_은성호_선원사망사건,0.7937
인명사상_어선_206분도호_선원사망사건,충돌_어선_제2정훈호_선원부상사건,0.7723
인명사상_어선_209대청호_선원사망사건,인명사상_예인선_전남912호의_피예인부선_6001고려호_선원사망사건,0.7613
인명사상_어선_209대청호_선원사망사건,인명사상_어선_제23보경호_선원사망사건,0.7642
인명사상_어선_209대청호_선원사망사건,인명사상_어선_9009경진호_선원사망사건,0.7638
인명사상_어선_209대청호_선원사망사건,인명사상_어선_제608승진호_선원사망사건,0.7739
인명사상_어선_219신흥호_선원부상사건,인명사상_어선_바다2호_선원사망사건,0.7845
인명사상_어선_219신흥호_선원부상사건,인명사상_어선_장미2호_선원사망사건,0.7597
인명사상_어선_219신흥호_선원부상사건,인명사상_어선_제2성화호_선원부상사건,0.7578
인명사상_어선_219신흥호_선원부상사건,인명사상_어선_제307영용호_선원사망사건,0.7548
인명사상_어선_221대성호_선원사망사건,인명사상_어선_제101순흥호_선원부상사건,0.7484
인명사상_어선_221대성호_선원사망사건,인명사상_어선_건양호_선원사망사건,0.7417
인명사상_어선_221대성호_선원사망사건,인명사상_어선_동운호_선원사망사건,0.7324
인명사상_어선_221대성호_선원사망사건,인명사상_어선_주용호_선원사망사건,0.7267
인명사상_어선_27협신호_선원사망사건,인명사상_어선_301광명호_선원사망사건,0.7556
인명사상_어선_27협신호_선원사망사건,인명사상_어선_제307영용호_선원사망사건,0.7627
인명사상_어선_27협신호_선원사망사건,인명사상_어선_동운호_선원사망사건,0.7545
인명사상_어선_2유덕호_선원부상사건,인명사상_어선_정원호_선원부상사건,0.767
인명사상_어선_2유덕호_선원부상사건,인명사상_어선_제802덕해호_선원부상사건,0.7537
인명사상_어선_2유덕호_선원부상사건,좌초_어선_라온호_좌초사건,0.7709
인명사상_어선_2유덕호_선원부상사건,인명사상_어선_만복호_선원부상사건,0.7476
인명사상_어선_2통일호_선원사망사건,인명사상_어선_원성호_선원부상사건(약식),0.7517
인명사상_어선_2통일호_선원사망사건,충돌_어선_대영호_선원사망사건,0.7558
인명사상_어선_2통일호_선원사망사건,인명사상_어선_장미2호_선원사망사건,0.7854
인명사상_어선_2통일호_선원사망사건,인명사상_어선_민성1호_선원사망사건,0.7631
인명사상_어선_301광명호_선원사망사건,인명사상_어선_동운호_선원사망사건,0.7726
인명사상_어선_301광명호_선원사망사건,인명사상_어선_장미2호_선원사망사건,0.7686
인명사상_어선_301광명호_선원사망사건,인명사상_원양어선_세인_파이오니아호_선원사망사건,0.7611
인명사상_어선_313태양호_선원사망사건,인명사상_어선_제17덕진호_선원사망사건,0.7035
인명사상_어선_313태양호_선원사망사건,인명사상_어선_제21남경호_부유물감김사건으로_인한_선원사망사건,0.7369
인명사상_어선_313태양호_선원사망사건,좌초_어선_제2019덕성호_좌초사건,0.7001
인명사상_어선_603조일호_선원사망사건,인명사상_어선_제306민금호_선원사망사건,0.7644
인명사상_어선_603조일호_선원사망사건,충돌_어선_신성호_선원사망사건,0.7509
인명사상_어선_209대청호_선원사망사건,인명사상_어선_603조일호_선원사망사건,0.753
인명사상_어선_603조일호_선원사망사건,인명사상_어선_제2창성호_선원실종사건,0.7428
인명사상_어선_78임수호_선원사망사건,인명사상_어선_제309부영호_선원사망사건,0.6996
인명사상_어선_78임수호_선원사망사건,인명사상_어선_제237양창호_선원사망사건,0.7352
인명사상_어선_78임수호_선원사망사건,인명사상_예인선_현대쥬베일호_선원사망사건,0.6895
인명사상_어선_78임수호_선원사망사건,충돌_어선_제2019하람호-어선_수광호_충돌사건,0.6847
인명사상_어선_9009경진호_선원사망사건,인명사상_어선_제505협신호_선원사망사건_1,0.7743
인명사상_어선_9009경진호_선원사망사건,인명사상_어선_제306민금호_선원부상사건,0.7603
인명사상_어선_9009경진호_선원사망사건,인명사상_어선_선경2호_선원사망사건,0.7545
인명사상_어선_9민성호_선원부상사건,인명사상_어선_동진호_선원부상사건,0.7677
인명사상_어선_9민성호_선원부상사건,인명사상_어선_유정호_선원부상사건,0.7826
인명사상_어선_9민성호_선원부상사건,인명사상_어선_대건호_선원부상사건,0.7975
인명사상_어선_9민성호_선원부상사건,인명사상_어선_선경호_선원부상사건,0.7779
인명사상_어선_가람호_선원부상사건,충돌_어선_제2정훈호_선원부상사건,0.7617
인명사상_어선_가람호_선원부상사건,인명사상_어선_제38미래호_선원부상사건,0.774
인명사상_어선_가람호_선원부상사건,인명사상_어선_제1만선호_부상사건,0.7541
인명사상_어선_가람호_선원부상사건,인명사상_어선_대신5호_선원부상사건,0.8019
인명사상_어선_202미성호_선원사망사건,인명사상_어선_건양호_선원사망사건,0.7499
인명사상_어선_건양호_선원사망사건,인명사상_어선_제107명진호_선원사망사건,0.783
인명사상_어선_건양호_선원사망사건,인명사상_어선_성복호_선원사망사건,0.7427
인명사상_어선_206분도호_선원사망사건,인명사상_어선_광일호_선원부상사건,0.7371
인명사상_어선_광일호_선원부상사건,전복_어선_제102해진호_전복사건,0.741
인명사상_어선_광일호_선원부상사건,충돌_어선_제2정훈호_선원부상사건,0.732
인명사상_어선_광일호_선원부상사건,인명사상_어선_명성호_선원부상사건,0.7238
인명사상_어선_광정15호_선원사망사건,인명사상_원양어선_세인_파이오니아호_선원사망사건,0.7385
인명사상_어선_광정15호_선원사망사건,좌초_어선_303우진호_좌초사건,0.7551
인명사상_어선_광정15호_선원사망사건,인명사상_어선_장미2호_선원사망사건,0.7452
인명사상_어선_광정15호_선원사망사건,인명사상_어선_원성호_선원부상사건(약식),0.7472
인명사상_어선_금강7호_선원사망사건,인명사상_어선_청강호_선원사망사건,0.7498
인명사상_어선_금강7호_선원사망사건,인명사상_어선_성림5호_선원사망사건,0.7413
인명사상_어선_금강7호_선원사망사건,인명사상_어선_대건호_선원부상사건,0.7739
인명사상_어선_금강7호_선원사망사건,인명사상_어선_제203대영호_선원부상사건,0.7243
인명사상_어선_대건호_선원부상사건,인명사상_어선_성림5호_선원사망사건,0.8057
인명사상_어선_대건호_선원부상사건,인명사상_어선_제25민성호_선원부상사건,0.8337
인명사상_어선_대건호_선원부상사건,인명사상_어선_명성호_선원부상사건,0.7961
인명사상_어선_대신5호_선원부상사건,인명사상_어선_제609천금호_선원부상사건,0.7629
인명사상_어선_대신5호_선원부상사건,충돌_어선_제2정훈호_선원부상사건,0.7927
인명사상_어선_대신5호_선원부상사건,인명사상_원양어선_세인_파이오니아호_선원사망사건,0.7564
인명사상_어선_대신호_선원실종사건,인명사상_어선_제201창남호_선원부상사건,0.7539
인명사상_어선_대신호_선원실종사건,인명사상_어선_유정호_선원부상사건,0.7487
인명사상_어선_대신호_선원실종사건,충돌_어선_제2정훈호_선원부상사건,0.7478
인명사상_어선_대신5호_선원부상사건,인명사상_어선_대신호_선원실종사건,0.7438
인명사상_어선_대건호_선원부상사건,인명사상_어선_대양호_선원사망사건,0.6965
인명사상_어선_대양호_선원사망사건,인명사상_어선_장순호_선원사망사건,0.7006
인명사상_어선_대양호_선원사망사건,인명사상_어선_봉민호_선원사망사건,0.7284
인명사상_어선_대양호_선원사망사건,인명사상_어선_명성호_선원사상사건,0.7352
인명사상_어선_동운호_선원사망사건,인명사상_어선_민성1호_선원사망사건,0.774
인명사상_어선_동운호_선원사망사건,인명사상_어선_청강호_선원사망사건,0.7784
인명사상_어선_동운호_선원사망사건,인명사상_어선_장미2호_선원사망사건,0.7841
인명사상_어선_대건호_선원부상사건,인명사상_어선_동진호_선원부상사건,0.7892
인명사상_어선_동진호_선원부상사건,충돌_어선_제2정훈호_선원부상사건,0.7745
인명사상_어선_동진호_선원부상사건,인명사상_어선_청강호_선원사망사건,0.7902
인명사상_어선_동진호_선원부상사건,인명사상_어선_선경호_선원부상사건,0.7814
인명사상_어선_만복호_선원부상사건,인명사상_어선_제7환경호_선원부상사건,0.8434
인명사상_어선_만복호_선원부상사건,인명사상_어선_제101성화호_선원부상사건,0.7459
인명사상_어선_만복호_선원부상사건,인명사상_어선_천일호_선원사망사건,0.7425
인명사상_어선_만진호_선원사망사건,인명사상_어선_제101부창호_선원사망사건,0.7269
인명사상_어선_만진호_선원사망사건,인명사상_어선_은진호_선원사망사건,0.725
인명사상_어선_만진호_선원사망사건,인명사상_어선_제793금정호_선원실종사건,0.715
인명사상_어선_만진호_선원사망사건,인명사상_어선_제306민금호_선원사망사건,0.7127
인명사상_어선_매일호_선원사망사건,"충돌_어선_제3대광호,_어선_영창호_충돌사건",0.7563
인명사상_어선_매일호_선원사망사건,행방불명_어선_해금호_선원실종사건,0.7572
인명사상_어선_매일호_선원사망사건,좌초_어선_서온호_좌초사건,0.7549
인명사상_어선_매일호_선원사망사건,인명사상_어선_한별호_선원사망사건,0.7481
인명사상_어선_명성호_선원부상사건,인명사상_어선_제25민성호_선원부상사건,0.7736
인명사상_어선_명성호_선원부상사건,전복_어선_영광호_전복사건,0.7526
인명사상_어선_명성호_선원부상사건,전복_어선_제102해진호_전복사건,0.7445
인명사상_어선_명성호_선원사망사건,인명사상_어선_벽강호_선원사망사건,0.698
인명사상_어선_명성호_선원사망사건,인명사상_어선_명성호_선원사상사건,0.7294
인명사상_어선_명성호_선원사망사건,인명사상_어선_정원호_선원부상사건,0.7089
인명사상_어선_명성호_선원사망사건,인명사상_어선_제388미래호_선원사망사건,0.6917
인명사상_어선_명성호_선원사상사건,인명사상_어선_유일호_선원부상사건,0.7655
인명사상_어선_명성호_선원사상사건,인명사상_어선_봉민호_선원사망사건,0.7613
인명사상_어선_명성호_선원사상사건,인명사상_어선_정복호_선원부상사건,0.7665
인명사상_어선_명성호_선원사상사건,인명사상_어선_정원호_선원부상사건,0.7591
인명사상_어선_민성1호_선원사망사건,인명사상_어선_원성호_선원부상사건(약식),0.7941
인명사상_어선_민성1호_선원사망사건,인명사상_어선_선경2호_선원사망사건,0.7716
인명사상_어선_바다2호_선원사망사건,인명사상_어선_장미2호_선원사망사건,0.8053
인명사상_어선_바다2호_선원사망사건,전복_어선_제105동건호_전복사건,0.783
인명사상_어선_바다2호_선원사망사건,"충돌_어선_제3대광호,_어선_영창호_충돌사건",0.7717
인명사상_어선_대양호_선원사망사건,인명사상_어선_반석호_선원사망사건,0.687
인명사상_어선_반석호_선원사망사건,인명사상_어선_제23보경호_선원사망사건,0.6851
인명사상_어선_1만복호_선원사망사건,인명사상_어선_반석호_선원사망사건,0.6672
인명사상_어선_반석호_선원사망사건,인명사상_어선_제25민성호_선원부상사건,0.662
인명사상_어선_벽강호_선원사망사건,인명사상_어선_청용호_잠수부사망사건,0.8011
인명사상_어선_벽강호_선원사망사건,인명사상_어선_성운호_잠수부사망사건,0.7299
인명사상_어선_벽강호_선원사망사건,인명사상_어선_제21남경호_부유물감김사건으로_인한_선원사망사건,0.7048
인명사상_어선_벽강호_선원사망사건,화재_어선_벽강호_화재사건,0.7039
인명사상_어선_복연호_선원사망사건,인명사상_어선_제307영용호_선원사망사건,0.7368
인명사상_어선_복연호_선원사망사건,행방불명_어선_제8088해정호_선원실종사건,0.7319
인명사상_어선_복연호_선원사망사건,인명사상_어선_제2022대경호_선원부상사건,0.7308
인명사상_어선_복연호_선원사망사건,인명사상_어선_제306민금호_선원사망사건,0.7294
인명사상_어선_봉민호_선원사망사건,인명사상_어선_제77태광호_선원부상사건,0.7707
인명사상_어선_봉민호_선원사망사건,인명사상_어선_제101성화호_선원부상사건,0.749
인명사상_어선_봉민호_선원사망사건,인명사상_어선_해성호_선원사망사건,0.7435
인명사상_어선_부성호_선원실종사건,좌초_어선_303우진호_좌초사건,0.7318
인명사상_어선_부성호_선원실종사건,충돌_어선_제5대광호_어선_제209광진호_충돌사건,0.7224
인명사상_어선_부성호_선원실종사건,충돌_어선_대원호.어선_희주호_충돌사건,0.7388
인명사상_어선_부성호_선원실종사건,좌초_어선_2020안성호_좌초사건,0.7465
인명사상_어선_블루드래곤호_선원실종사건,인명사상_어선_해성호_선원사망사건,0.7223
인명사상_어선_블루드래곤호_선원실종사건,인명사상_어선_제388미래호_선원사망사건,0.712
인명사상_어선_블루드래곤호_선원실종사건,인명사상_어선_원성호_선원부상사건(약식),0.7125
인명사상_어선_블루드래곤호_선원실종사건,좌초_어선_서온호_좌초사건,0.7007
인명사상_어선_대건호_선원부상사건,인명사상_어선_선경2호_선원사망사건,0.7871
인명사상_어선_선경2호_선원사망사건,인명사상_어선_성림5호_선원사망사건,0.7656
인명사상_어선_선경2호_선원사망사건,인명사상_어선_제203대성호_선원사망사건,0.7606
인명사상_어선_선경호_선원부상사건,인명사상_어선_제101순흥호_선원부상사건,0.7859
인명사상_어선_선경호_선원부상사건,충돌_어선_제2정훈호_선원부상사건,0.766
인명사상_어선_성림5호_선원사망사건,인명사상_어선_제25민성호_선원부상사건,0.8097
인명사상_어선_성림5호_선원사망사건,인명사상_어선_청강호_선원사망사건,0.811
인명사상_어선_성림5호_선원사망사건,인명사상_어선_제609천금호_선원부상사건,0.7734
인명사상_어선_성복호_선원사망사건,인명사상_어선_신영호_선원사망사건,0.7436
인명사상_어선_203남광호_선원사망사건,인명사상_어선_성복호_선원사망사건,0.7454
인명사상_어선_성복호_선원사망사건,인명사상_어선_제203대영호_선원부상사건,0.7376
인명사상_어선_성운호_잠수부사망사건,인명사상_어선_청용호_잠수부사망사건,0.7805
인명사상_어선_성운호_잠수부사망사건,인명사상_어선_제309부영호_선원사망사건,0.6635
인명사상_어선_성운호_잠수부사망사건,인명사상_어선_제237양창호_선원사망사건,0.6519
인명사상_어선_수정호_잠사부사망사건,충돌_어선_삼운호.어선_제3일광호_충돌사건,0.7387
인명사상_어선_수정호_잠사부사망사건,충돌_어선_제103청해호&낚시어선_뉴피닉스호_충돌사건,0.7357
인명사상_어선_수정호_잠사부사망사건,좌초_어선_창원호_좌초사건,0.7276
인명사상_어선_수정호_잠사부사망사건,"충돌_어선_제7청진호,_어선_포레나호_충돌사건",0.7266
인명사상_어선_신영51호_선원사망사건,화재_어선_제927영창호_화재사건,0.7455
인명사상_어선_신영51호_선원사망사건,화재_제2017국제호_화재사건,0.7474
인명사상_어선_신영51호_선원사망사건,"충돌_어선_제3대광호,_어선_영창호_충돌사건",0.7362
인명사상_어선_신영51호_선원사망사건,"충돌_어선_일성호,_어선_복성2호_충돌사건",0.7322
인명사상_어선_신영호_선원사망사건,인명사상_어선_장미2호_선원사망사건,0.7595
인명사상_어선_신영호_선원사망사건,전복_어선_제0519복길호_전복사건,0.7509
인명사상_어선_신영호_선원사망사건,"충돌_어선_제902금성호,_일반화물선_순신_충돌사건",0.747
인명사상_어선_영광호_선원부상사건,전복_어선_해광호_전복사건,0.7174
인명사상_어선_만복호_선원부상사건,인명사상_어선_영광호_선원부상사건,0.7061
인명사상_어선_영광호_선원부상사건,전복_여객선_플라잉카페리호에_의한_어선_대동2호_전복사건,0.7096
인명사상_어선_바다2호_선원사망사건,인명사상_어선_영광호_선원부상사건,0.7339
인명사상_어선_용진호_선원사망사건,인명사상_어선_정빈호_선원사망사건,0.6787
인명사상_어선_용진호_선원사망사건,인명사상_어선_제2창성호_선원실종사건,0.7028
인명사상_어선_용진호_선원사망사건,인명사상_어선_제107명진호_선원사망사건,0.6935
인명사상_어선_용진호_선원사망사건,인명사상_어선_화영호_선원사망사건,0.6698
인명사상_어선_원성호_선원부상사건(약식),인명사상_어선_장미2호_선원사망사건,0.7833
인명사상_어선_원성호_선원부상사건(약식),인명사상_어선_제203대성호_선원사망사건,0.7787
인명사상_어선_원성호_선원부상사건(약식),인명사상_원양어선_세인_파이오니아호_선원사망사건,0.782
인명사상_어선_9민성호_선원부상사건,인명사상_어선_유일호_선원부상사건,0.7525
인명사상_어선_유일호_선원부상사건,인명사상_어선_제77태광호_선원부상사건,0.7405
인명사상_어선_유일호_선원부상사건,인명사상_어선_정원호_선원부상사건,0.7353
인명사상_어선_유정호_선원부상사건,인명사상_어선_제2성화호_선원부상사건,0.7615
인명사상_어선_유정호_선원부상사건,인명사상_원양어선_세인_파이오니아호_선원사망사건,0.786
인명사상_어선_유정호_선원부상사건,인명사상_어선_제505협신호_선원사망사건,0.7521
인명사상_어선_유정호_선원부상사건,인명사상_어업지도선_무궁화37호_선원사망사건,0.7446
인명사상_어선_유정호_선원부상사건,충돌_어선_제2정훈호_선원부상사건,0.7511
인명사상_어선_206분도호_선원사망사건,인명사상_어선_유정호_선원부상사건,0.7444
인명사상_어선_유정호_선원사망사건,인명사상_어선_제101통영호_선원사상사건,0.7812
인명사상_어선_유정호_선원사망사건,충돌_어선_제703유경호_어선_세양호_충돌사건,0.7646
인명사상_어선_유정호_선원사망사건,"충돌_어선_제111금성호,_어선_선우호_충돌사건",0.7866
인명사상_어선_유정호_선원사망사건,인명사상_어선_제307영용호_선원사망사건,0.7724
인명사상_어선_은성호_선원사망사건,인명사상_어선_제609천금호_선원부상사건,0.7346
인명사상_어선_은성호_선원사망사건,인명사상_어선_제107명진호_선원사망사건,0.7254
인명사상_어선_은성호_선원사망사건,충돌_예인선_광진107호-어선_제212창성호_충돌사건,0.7452
인명사상_어선_은성호_선원사망사건,"충돌_어선_제3대광호,_어선_영창호_충돌사건",0.7585
인명사상_어선_은성호_선원사망사건,좌초_어선_동광호_좌초사건,0.7375
인명사상_어선_은성호_선원사망사건,충돌_어선_도청호ㆍ어선_제206동양호_충돌사건,0.7322
인명사상_어선_은진호_선원사망사건,인명사상_어선_제707우성호_잠수부사망사건,0.7821
인명사상_어선_은진호_선원사망사건,인명사상_어선_제608승진호_선원사망사건,0.7862
인명사상_어선_은진호_선원사망사건,인명사상_어선_제31금영호_선원부상사건,0.8221
인명사상_어선_1만복호_선원사망사건,인명사상_어선_은진호_선원사망사건,0.7721
인명사상_어선_장미2호_선원사망사건,전복_여객선_플라잉카페리호에_의한_어선_대동2호_전복사건,0.7995
인명사상_어선_장미2호_선원사망사건,인명사상_어선_제2성화호_선원부상사건,0.7999
인명사상_어선_장순호_선원사망사건,인명사상_어선_정원호_선원부상사건,0.7323
인명사상_어선_장순호_선원사망사건,좌초_어선_팔팔호_전복사건,0.7112
인명사상_어선_장순호_선원사망사건,행방불명_어선_태건호_선원실종사건,0.6998
인명사상_어선_바다2호_선원사망사건,인명사상_어선_정복호_선원부상사건,0.7647
인명사상_어선_정복호_선원부상사건,충돌_어선_대영호_선원사망사건,0.7716
인명사상_어선_정복호_선원부상사건,화재_어선_제105대승호_화재사건,0.7643
인명사상_어선_정빈호_선원사망사건,인명사상_어선_제107명진호_선원사망사건,0.7574
인명사상_어선_정빈호_선원사망사건,인명사상_어선_제2창성호_선원실종사건,0.758
인명사상_어선_선경2호_선원사망사건,인명사상_어선_정빈호_선원사망사건,0.743
인명사상_어선_정빈호_선원사망사건,인명사상_어선_제103해금호_선원부상사건,0.7344
인명사상_어선_정원호_선원부상사건,인명사상_원양어선_세인_파이오니아호_선원사망사건,0.7622
인명사상_어선_정원호_선원부상사건,인명사상_어선_제2창성호_선원실종사건,0.7853
기타_어선_제207성진호_침수사건,인명사상_어선_제101부창호_선원사망사건,0.7796
인명사상_어선_제101부창호_선원사망사건,인명사상_어선_제608승진호_선원사망사건,0.7798
인명사상_어선_제101부창호_선원사망사건,인명사상_어선_제388미래호_선원사망사건,0.7689
인명사상_어선_제101부창호_선원사망사건,인명사상_어선_제208대일호_선원실종사건,0.7678
인명사상_어선_제101성화호_선원부상사건,행방불명_어선_제3입성호_선원실종사건,0.7502
인명사상_어선_제101성화호_선원부상사건,인명사상_어선_제2성화호_선원부상사건,0.7438
인명사상_어선_민성1호_선원사망사건,인명사상_어선_제101순흥호_선원부상사건,0.7585
인명사상_어선_제101순흥호_선원부상사건,인명사상_어선_제203대영호_선원부상사건,0.8124
인명사상_어선_제101순흥호_선원부상사건,인명사상_어선_제2성화호_선원부상사건,0.7825
인명사상_어선_제101통영호_선원사상사건,인명사상_어선_제307영용호_선원사망사건,0.8049
인명사상_어선_제101통영호_선원사상사건,충돌_어선_제703유경호_어선_세양호_충돌사건,0.7878
인명사상_어선_219신흥호_선원부상사건,인명사상_어선_제103부일호에_임시승선한_어선_제2007호_선원사망사건,0.7389
인명사상_어선_제103부일호에_임시승선한_어선_제2007호_선원사망사건,인명사상_어선_제203대영호_선원부상사건,0.7485
인명사상_어선_장미2호_선원사망사건,인명사상_어선_제103부일호에_임시승선한_어선_제2007호_선원사망사건,0.7695
인명사상_어선_원성호_선원부상사건(약식),인명사상_어선_제103부일호에_임시승선한_어선_제2007호_선원사망사건,0.7429
인명사상_어선_제103해금호_선원부상사건,인명사상_어업지도선_무궁화37호_선원사망사건,0.7679
인명사상_어선_제103해금호_선원부상사건,인명사상_예인선_재원3호_선원부상사건,0.7583
인명사상_어선_제103해금호_선원부상사건,인명사상_예인선_77신정호_선원부상사건,0.7479
인명사상_어선_제103해금호_선원부상사건,인명사상_어선_천일호_선원사망사건,0.7461
인명사상_어선_제101통영호_선원사상사건,인명사상_어선_제105대진호_선원사망사건,0.7794
인명사상_어선_제105대진호_선원사망사건,"충돌_어선_제111금성호,_어선_선우호_충돌사건",0.772
기타_어선_제207성진호_침수사건,인명사상_어선_제105대진호_선원사망사건,0.7675
인명사상_어선_제105대진호_선원사망사건,"충돌_낚시어선_스피드호,_어선_풍정호_충돌사건",0.7603
인명사상_어선_206분도호_선원사망사건,인명사상_어선_제107명진호_선원사망사건,0.7654
인명사상_어선_제107명진호_선원사망사건,인명사상_어선_제2017세종호_선원사망사건,0.7579
인명사상_어선_민성1호_선원사망사건,인명사상_어선_제118금성호_선원부상사건,0.7268
인명사상_어선_제118금성호_선원부상사건,인명사상_어선_제307상진호_선원부상사건,0.7292
인명사상_어선_제118금성호_선원부상사건,인명사상_어선_제128대진호_선원사상사건,0.7572
인명사상_어선_가람호_선원부상사건,인명사상_어선_제118금성호_선원부상사건,0.7122
인명사상_어선_제11태화호_선원사망사건,인명사상_어선_제307상진호_선원부상사건,0.7697
인명사상_어선_제11태화호_선원사망사건,인명사상_어선_제31금영호_선원부상사건,0.7464
인명사상_어선_은진호_선원사망사건,인명사상_어선_제11태화호_선원사망사건,0.741
인명사상_어선_제11태화호_선원사망사건,전복_어선_제7074창진호_전복사건,0.7283
인명사상_어선_제128대진호_선원사상사건,인명사상_어선_제309부영호_선원사망사건,0.7066
인명사상_어선_제128대진호_선원사상사건,인명사상_어선_제2017세종호_선원사망사건,0.752
인명사상_어선_제128대진호_선원사상사건,인명사상_어선_제203대영호_선원부상사건,0.7009
인명사상_어선_제15수영호_선원실종사건,인명사상_어선_제25민성호_선원부상사건,0.6547
인명사상_산적화물선_프린세스호_작업원부상사건,인명사상_어선_제15수영호_선원실종사건,0.6665
인명사상_어선_제128대진호_선원사상사건,인명사상_어선_제15수영호_선원실종사건,0.6828
인명사상_어선_제15수영호_선원실종사건,인명사상_어업지도선_무궁화37호_선원사망사건,0.6799
인명사상_어선_제17덕진호_선원사망사건,인명사상_예인선_용진_선원부상사건,0.7034
인명사상_어선_제17덕진호_선원사망사건,인명사상_예인선_전남912호의_피예인부선_6001고려호_선원사망사건,0.6749
인명사상_어선_제17덕진호_선원사망사건,인명사상_어선_제21남경호_부유물감김사건으로_인한_선원사망사건,0.7003
인명사상_어선_대신5호_선원부상사건,인명사상_어선_제1만선호_부상사건,0.7072
인명사상_어선_제1만선호_부상사건,인명사상_어선_제505협신호_선원사망사건,0.7344
인명사상_어선_대건호_선원부상사건,인명사상_어선_제1만선호_부상사건,0.7005
인명사상_어선_제101순흥호_선원부상사건,인명사상_어선_제2017세종호_선원사망사건,0.7435
인명사상_어선_제2017세종호_선원사망사건,인명사상_어선_제505협신호_선원사망사건,0.7419
인명사상_어선_202미성호_선원사망사건,인명사상_어선_제201창남호_선원부상사건,0.7399
인명사상_어선_제201창남호_선원부상사건,인명사상_어선_제505협신호_선원사망사건,0.7368
인명사상_어선_제201창남호_선원부상사건,충돌_어선_제2정훈호_선원부상사건,0.7459
인명사상_어선_제2022대경호_선원부상사건,인명사상_어선_제38미래호_선원부상사건,0.7486
인명사상_어선_제2022대경호_선원부상사건,인명사상_어선_제505협신호_선원사망사건_1,0.7669
인명사상_어선_유정호_선원사망사건,인명사상_어선_제2022대경호_선원부상사건,0.7618
인명사상_어선_제2022대경호_선원부상사건,좌초_낚시어선_제주사랑호_좌초사건,0.7447
인명사상_어선_제203대성호_선원사망사건,인명사상_어선_청강호_선원사망사건,0.7769
인명사상_어선_동진호_선원부상사건,인명사상_어선_제203대성호_선원사망사건,0.7685
인명사상_어선_제203대성호_선원사망사건,인명사상_어선_주용호_선원사망사건,0.7671
인명사상_어선_제203대영호_선원부상사건,인명사상_어선_제2성화호_선원부상사건,0.8079
인명사상_어선_제203대영호_선원부상사건,인명사상_예인선_재원3호_선원부상사건,0.7739
인명사상_어선_제203대영호_선원부상사건,인명사상_어선_청강호_선원사망사건,0.7814
인명사상_어선_원성호_선원부상사건(약식),인명사상_어선_제205금성호_선원사망사건,0.766
인명사상_어선_제205금성호_선원사망사건,충돌_어선_대원호.어선_희주호_충돌사건,0.7607
인명사상_어선_제205금성호_선원사망사건,인명사상_어선_제2성화호_선원부상사건,0.7526
인명사상_어선_제205연흥호_선원사망사건,화재_어선_제212창성호_화재사건,0.776
인명사상_어선_제205연흥호_선원사망사건,화재_제2017국제호_화재사건,0.7651
기타_어선_제207성진호_침수사건,인명사상_어선_제205연흥호_선원사망사건,0.7541
인명사상_어선_제205연흥호_선원사망사건,전복_어선_153해월호_전복사건,0.7535
인명사상_어선_제207해선호_선원사망사건,인명사상_어선_제388미래호_선원사망사건,0.7854
인명사상_어선_제207해선호_선원사망사건,인명사상_어선_제77태광호_선원부상사건,0.7584
인명사상_어선_제207해선호_선원사망사건,인명사상_어선_제505협신호_선원사망사건_1,0.7581
인명사상_어선_제208대일호_선원실종사건,행방불명_어선_제3입성호_선원실종사건,0.7802
인명사상_어선_제208대일호_선원실종사건,충돌_어선_대영호_선원사망사건,0.7921
인명사상_어선_제208대일호_선원실종사건,인명사상_어선_제793금정호_선원실종사건,0.7845
인명사상_어선_221대성호_선원사망사건,인명사상_어선_제21구진호_선원부상사건,0.6989
인명사상_어선_성림5호_선원사망사건,인명사상_어선_제21구진호_선원부상사건,0.709
인명사상_어선_제101순흥호_선원부상사건,인명사상_어선_제21구진호_선원부상사건,0.6906
기타_어선_제207성진호_침수사건,인명사상_어선_제21남경호_부유물감김사건으로_인한_선원사망사건,0.7838
인명사상_어선_제21남경호_부유물감김사건으로_인한_선원사망사건,충돌_어선_광영호_좌초사건,0.7748
인명사상_어선_제21남경호_부유물감김사건으로_인한_선원사망사건,충돌_어선_제2019하람호-어선_수광호_충돌사건,0.769
인명사상_어선_제237양창호_선원사망사건,인명사상_어선_제309부영호_선원사망사건,0.8199
인명사상_어선_제237양창호_선원사망사건,침몰_어선_제1두두호_침몰사건,0.7493
기타_어선_제207성진호_침수사건,인명사상_어선_제237양창호_선원사망사건,0.7437
인명사상_어선_제21남경호_부유물감김사건으로_인한_선원사망사건,인명사상_어선_제237양창호_선원사망사건,0.7413
인명사상_어선_제23보경호_선원사망사건,인명사상_어선_제608승진호_선원사망사건,0.7879
인명사상_어선_제23보경호_선원사망사건,인명사상_어선_제306민금호_선원사망사건,0.7892
인명사상_어선_제101부창호_선원사망사건,인명사상_어선_제23보경호_선원사망사건,0.7559
인명사상_어선_제25민성호_선원부상사건,인명사상_어선_제505협신호_선원사망사건,0.7871
인명사상_어선_제21남경호_부유물감김사건으로_인한_선원사망사건,인명사상_어선_제27연정호_선원사망사건,0.7576
인명사상_어선_제27연정호_선원사망사건,전복_어선_제207남양호_전복사건,0.7395
인명사상_어선_제27연정호_선원사망사건,좌초_어선_방주호_좌초사건,0.7352
인명사상_어선_제27연정호_선원사망사건,화재_제2017국제호_화재사건,0.7295
인명사상_어선_제286혜승호_선원사망사건,"충돌_어선_뉴만중호,_예인선_강남티-27호의_피예인부선_강남5009호_충돌사건",0.7244
인명사상_어선_제286혜승호_선원사망사건,충돌_컨테이너선_스카이챌린지_어선_제101성창호_충돌사건,0.7302
인명사상_어선_제286혜승호_선원사망사건,충돌_어선_제1구진호_액화석유가스운반선_위닝로드_충돌사건,0.7235
인명사상_어선_제286혜승호_선원사망사건,좌초_어선_2020안성호_좌초사건,0.7231
인명사상_어선_제28득명호_선원사망사건,인명사상_어업지도선_무궁화37호_선원사망사건,0.7365
인명사상_어선_유정호_선원부상사건,인명사상_어선_제28득명호_선원사망사건,0.7318
인명사상_어선_제28득명호_선원사망사건,인명사상_예인선_77신정호_선원부상사건,0.7182
인명사상_어선_제103해금호_선원부상사건,인명사상_어선_제28득명호_선원사망사건,0.7152
인명사상_어선_제2고려호_선원실종사건,"충돌_어선_제301동하호,_어선_광일호_충돌사건",0.7862
인명사상_어선_제2고려호_선원실종사건,침몰_어선_제2나일호_침몰사건,0.7861
인명사상_어선_제2고려호_선원실종사건,좌초_어선_창원호_좌초사건,0.7819
인명사상_어선_제2고려호_선원실종사건,충돌_어선_도청호ㆍ어선_제206동양호_충돌사건,0.7739
인명사상_어선_제2성화호_선원부상사건,인명사상_원양어선_슐에스테701호_선원사망사건,0.7971
인명사상_어선_제2성화호_선원부상사건,행방불명_어선_해금호_선원실종사건,0.7862
인명사상_어선_제208대일호_선원실종사건,인명사상_어선_제2창성호_선원실종사건,0.7536
인명사상_어선_제2천양호_선원부상사건,인명사상_어선_제7만복호_선원사망사건,0.7491
인명사상_어선_제2천양호_선원부상사건,침몰_어선_유동호·어선_유동2호_침몰사건,0.7577
인명사상_어선_정원호_선원부상사건,인명사상_어선_제2천양호_선원부상사건,0.7301
인명사상_어선_원성호_선원부상사건(약식),인명사상_어선_제302용선호_선원부상사건,0.771
인명사상_어선_동운호_선원사망사건,인명사상_어선_제302용선호_선원부상사건,0.763
인명사상_어선_제101통영호_선원사상사건,인명사상_어선_제302용선호_선원부상사건,0.7535
인명사상_어선_제302용선호_선원부상사건,"충돌_어선_제7청진호,_어선_포레나호_충돌사건",0.7508
인명사상_어선_제306민금호_선원부상사건,인명사상_어선_제307상진호_선원부상사건,0.7571
인명사상_어선_제306민금호_선원부상사건,인명사상_어선_제505협신호_선원사망사건_1,0.7991
인명사상_어선_제306민금호_선원부상사건,인명사상_어선_제306민금호_선원사망사건,0.795
인명사상_어선_제306민금호_선원사망사건,인명사상_어선_제608승진호_선원사망사건_1,0.7668
인명사상_어선_제306민금호_선원사망사건,인명사상_어선_제505협신호_선원사망사건_1,0.7854
인명사상_어선_제306민금호_선원사망사건,인명사상_어선_제307상진호_선원부상사건,0.7652
인명사상_어선_제307상진호_선원부상사건,인명사상_어선_제31금영호_선원부상사건,0.7687
인명사상_어선_동진호_선원부상사건,인명사상_어선_제307상진호_선원부상사건,0.7618
인명사상_어선_제307영용호_선원사망사건,인명사상_어선_제72해영호_선원사망사건,0.8094
인명사상_어선_제307영용호_선원사망사건,인명사상_어선_제608승진호_선원사망사건,0.798
인명사상_어선_제309부영호_선원사망사건,화재_어선_경일호_화재사건,0.7338
인명사상_어선_제309부영호_선원사망사건,인명사상_어선_청용호_잠수부사망사건,0.7366
인명사상_어선_제21남경호_부유물감김사건으로_인한_선원사망사건,인명사상_어선_제309부영호_선원사망사건,0.7542
인명사상_어선_9009경진호_선원사망사건,인명사상_어선_제311길령호_선원사망사건,0.7471
인명사상_어선_제107명진호_선원사망사건,인명사상_어선_제311길령호_선원사망사건,0.7382
인명사상_어선_제311길령호_선원사망사건,인명사상_어선_제608승진호_선원사망사건_1,0.7842
인명사상_어선_제311길령호_선원사망사건,접촉_기타선(실습선)_세계로_등부표_접촉사건,0.7357
인명사상_어선_제31금영호_선원부상사건,행방불명_어선_제3입성호_선원실종사건,0.804
인명사상_어선_제307영용호_선원사망사건,인명사상_어선_제31금영호_선원부상사건,0.7722
인명사상_어선_제31금영호_선원실종사건,인명사상_어선_해성호_선원사망사건,0.6916
인명사상_어선_제31금영호_선원부상사건,인명사상_어선_제31금영호_선원실종사건,0.7482
인명사상_어선_제31금영호_선원실종사건,인명사상_어선_제77태광호_선원부상사건,0.6873
인명사상_어선_제205금성호_선원사망사건,인명사상_어선_제31금영호_선원실종사건,0.6867
인명사상_어선_제21남경호_부유물감김사건으로_인한_선원사망사건,인명사상_어선_제322광덕호_선원부상사건,0.7472
인명사상_어선_장미2호_선원사망사건,인명사상_어선_제322광덕호_선원부상사건,0.7581
인명사상_어선_제322광덕호_선원부상사건,전복_여객선_플라잉카페리호에_의한_어선_대동2호_전복사건,0.7466
인명사상_어선_제322광덕호_선원부상사건,인명사상_어선_제7조흥호_선원사망사건,0.7401
인명사상_어선_제33동익호_선원사망사건,전복_어선_7대봉산호_전복사건,0.7543
기타_어선_제207성진호_침수사건,인명사상_어선_제33동익호_선원사망사건,0.7539
인명사상_어선_제33동익호_선원사망사건,좌초_어선_팔팔호_전복사건,0.803
인명사상_어선_제33동익호_선원사망사건,"충돌_어선_제7청진호,_어선_포레나호_충돌사건",0.7515
인명사상_어선_제33영신호_선원사망사건,좌초_어선_303우진호_좌초사건,0.7496
인명사상_어선_제33영신호_선원사망사건,인명사상_어선_제3명신호_선원사망사건,0.797
인명사상_어선_제33영신호_선원사망사건,좌초_어선_2020안성호_좌초사건,0.7407
인명사상_어선_제33영신호_선원사망사건,"충돌_어선_제7청진호,_어선_포레나호_충돌사건",0.7392
인명사상_어선_제33창남호_선원사상사건,인명사상_어선_제505협신호_선원사망사건,0.7029
인명사상_어선_제33창남호_선원사상사건,인명사상_어선_제609천금호_선원부상사건,0.6949
인명사상_어선_선경호_선원부상사건,인명사상_어선_제33창남호_선원사상사건,0.6884
인명사상_어선_민성1호_선원사망사건,인명사상_어선_제33창남호_선원사상사건,0.6838
기타_어선_제207성진호_침수사건,인명사상_어선_제388미래호_선원사망사건,0.7736
인명사상_어선_제388미래호_선원사망사건,인명사상_어선_제608승진호_선원사망사건,0.7709
인명사상_어선_제38미래호_선원부상사건,인명사상_원양어선_세인_파이오니아호_선원사망사건,0.7533
인명사상_어선_제205금성호_선원사망사건,인명사상_어선_제38미래호_선원부상사건,0.7359
인명사상_어선_제3명신호_선원사망사건,인명사상_어선_제909주영호_선원실종사건,0.7604
인명사상_어선_제3명신호_선원사망사건,인명사상_어선_한별호_선원사망사건,0.7454
인명사상_어선_제203대영호_선원부상사건,인명사상_어선_제3명신호_선원사망사건,0.7449
인명사상_어선_제505한진호_선원부상사건,인명사상_어선_제609천금호_선원부상사건,0.7525
인명사상_어선_제203대성호_선원사망사건,인명사상_어선_제505한진호_선원부상사건,0.7283
인명사상_어선_선경2호_선원사망사건,인명사상_어선_제505한진호_선원부상사건,0.7236
인명사상_어선_제505한진호_선원부상사건,충돌_어선_제2정훈호_선원부상사건,0.7181
인명사상_어선_제505협신호_선원사망사건,충돌_어선_제2정훈호_선원부상사건,0.8026
인명사상_어선_1만복호_선원사망사건,인명사상_어선_제505협신호_선원사망사건,0.7721
인명사상_어선_제505협신호_선원사망사건,인명사상_어선_제505협신호_선원사망사건_1,0.7721
인명사상_어선_제608승진호_선원사망사건,인명사상_어선_제72해영호_선원사망사건,0.8154
인명사상_어선_제505협신호_선원사망사건_1,인명사상_어선_제608승진호_선원사망사건_1,0.741
인명사상_어선_9009경진호_선원사망사건,인명사상_어선_제608승진호_선원사망사건_1,0.7397
인명사상_어선_제609천금호_선원부상사건,충돌_어선_제2정훈호_선원부상사건,0.7895
인명사상_어선_제609천금호_선원부상사건,인명사상_어선_청강호_선원사망사건,0.7682
인명사상_어선_제388미래호_선원사망사건,인명사상_어선_제707우성호_잠수부사망사건,0.714
인명사상_어선_제302용선호_선원부상사건,인명사상_어선_제707우성호_잠수부사망사건,0.7224
인명사상_어선_제11태화호_선원사망사건,인명사상_어선_제707우성호_잠수부사망사건,0.7144
기타_어선_제207성진호_침수사건,인명사상_어선_제72해영호_선원사망사건,0.7866
인명사상_어선_은진호_선원사망사건,인명사상_어선_제72해영호_선원사망사건,0.7628
인명사상_어선_제203대성호_선원사망사건,인명사상_어선_제77태광호_선원부상사건,0.76
인명사상_어선_제77태광호_선원부상사건,인명사상_어선_제7환경호_선원부상사건,0.7509
인명사상_어선_제101통영호_선원사상사건,인명사상_어선_제793금정호_선원실종사건,0.7807
인명사상_어선_제793금정호_선원실종사건,충돌_어선_대영호_선원사망사건,0.7769
인명사상_어선_유정호_선원사망사건,인명사상_어선_제793금정호_선원실종사건,0.759
인명사상_어선_제7대성호_선원사망사건,충돌_어선_제103유성호_어선_제207만어호_충돌사건,0.758
인명사상_어선_제7대성호_선원사망사건,충돌_어선_제102일광호_일반화물선_헬렌_충돌사건,0.7267
인명사상_어선_제7대성호_선원사망사건,"충돌_어선_제111금성호,_어선_선우호_충돌사건",0.7204
인명사상_어선_제7대성호_선원사망사건,충돌_어선_제3공선호.어선_제5준영호_충돌사건,0.7237
인명사상_어선_은진호_선원사망사건,인명사상_어선_제7만복호_선원사망사건,0.7528
인명사상_어선_제7만복호_선원사망사건,인명사상_어선_해성호_선원사망사건,0.7438
인명사상_어선_제7조흥호_선원사망사건,"충돌_급수선_대명11호,_어선_대진호_충돌사건",0.7471
인명사상_어선_제7조흥호_선원사망사건,인명사상_어선_현대호_선원사상사건,0.771
인명사상_어선_제208대일호_선원실종사건,인명사상_어선_제7조흥호_선원사망사건,0.7466
인명사상_어선_제101부창호_선원사망사건,인명사상_어선_제7조흥호_선원사망사건,0.7462
인명사상_어선_바다2호_선원사망사건,인명사상_어선_제7환경호_선원부상사건,0.7469
인명사상_어선_제7환경호_선원부상사건,좌초_어선_라온호_좌초사건,0.7376
인명사상_어선_9009경진호_선원사망사건,인명사상_어선_제802덕해호_선원부상사건,0.7233
인명사상_어선_제2성화호_선원부상사건,인명사상_어선_제802덕해호_선원부상사건,0.7362
인명사상_어선_제802덕해호_선원부상사건,"충돌_어선_제902금성호,_일반화물선_순신_충돌사건",0.7118
인명사상_어선_제809주영호_선원부상사건,인명사상_어선_제809주영호_선원사망사건,0.9638
인명사상_어선_제809주영호_선원부상사건,인명사상_예인선_101한진호_선원사망사건,0.7494
인명사상_어선_제809주영호_선원부상사건,전복_어선_진곤호_전복사건,0.7448
인명사상_어선_제809주영호_선원사망사건,인명사상_예인선_101한진호_선원사망사건,0.7746
인명사상_어선_제809주영호_선원사망사건,충돌_어선_제211은진호.어선_제88부영호_충돌사건,0.7572
인명사상_어선_장미2호_선원사망사건,인명사상_어선_제909주영호_선원실종사건,0.7413
인명사상_어선_제33동익호_선원사망사건,인명사상_어선_제909주영호_선원실종사건,0.7483
인명사상_어선_제203대영호_선원부상사건,인명사상_어선_제909주영호_선원실종사건,0.7435
인명사상_어선_제99부영호_선원사망사건,좌초_어선_만경호_좌초사건,0.6706
인명사상_어선_제99부영호_선원사망사건,충돌_어선_제703유경호_어선_세양호_충돌사건,0.6752
인명사상_어선_제99부영호_선원사망사건,좌초_어선_303우진호_좌초사건,0.6805
인명사상_어선_신영호_선원사망사건,인명사상_어선_제99부영호_선원사망사건,0.6661
인명사상_어선_제33동익호_선원사망사건,인명사상_어선_제99희영호_선원부상사건,0.7067
인명사상_어선_제99희영호_선원부상사건,충돌_어선_제3공선호.어선_제5준영호_충돌사건,0.7124
인명사상_어선_제99희영호_선원부상사건,인명사상_예인선_101한진호_선원사망사건,0.699
인명사상_어선_제99희영호_선원부상사건,인명사상_예인선_효종호_선원사망사건,0.6976
인명사상_어선_주용호_선원사망사건,인명사상_어선_청강호_선원사망사건,0.781
인명사상_어선_제31금영호_선원부상사건,인명사상_어선_주용호_선원사망사건,0.7612
인명사상_어선_민성1호_선원사망사건,인명사상_어선_주용호_선원사망사건,0.7599
인명사상_어선_제203대영호_선원부상사건,인명사상_어선_창덕호_선원부상사건,0.7012
인명사상_어선_제101순흥호_선원부상사건,인명사상_어선_창덕호_선원부상사건,0.6912
인명사상_어선_동진호_선원부상사건,인명사상_어선_창덕호_선원부상사건,0.6865
인명사상_어선_제21남경호_부유물감김사건으로_인한_선원사망사건,인명사상_어선_창덕호_선원부상사건,0.6903
인명사상_어선_창오호_선원사망사건,침몰_어선_제1두두호_침몰사건,0.7045
인명사상_어선_창오호_선원사망사건,충돌_어선_성진호_어선_남성호_충돌사건,0.7147
인명사상_어선_원성호_선원부상사건(약식),인명사상_어선_창오호_선원사망사건,0.7007
인명사상_어선_제33영신호_선원사망사건,인명사상_어선_창오호_선원사망사건,0.6989
인명사상_어선_제307상진호_선원부상사건,인명사상_어선_천금호_선원사망사건,0.7559
인명사상_어선_제388미래호_선원사망사건,인명사상_어선_천금호_선원사망사건,0.7417
인명사상_어선_제38미래호_선원부상사건,인명사상_어선_천금호_선원사망사건,0.7349
인명사상_어선_1만복호_선원사망사건,인명사상_어선_천금호_선원사망사건,0.7328
인명사상_어선_대건호_선원부상사건,인명사상_어선_천일호_선원사망사건,0.7442
인명사상_어선_성림5호_선원사망사건,인명사상_어선_천일호_선원사망사건,0.7427
인명사상_어선_청강호_선원사망사건,충돌_어선_제2정훈호_선원부상사건,0.8062
인명사상_어선_제237양창호_선원사망사건,인명사상_어선_청용호_잠수부사망사건,0.7224
인명사상_어선_2통일호_선원사망사건,인명사상_어선_통일호_선원사망사건,0.7501
인명사상_어선_제33동익호_선원사망사건,인명사상_어선_통일호_선원사망사건,0.7489
인명사상_어선_통일호_선원사망사건,"충돌_어선_대명호,_어선_제1승창호_충돌사건",0.7483
인명사상_어선_27협신호_선원사망사건,인명사상_어선_통일호_선원사망사건,0.7452
인명사상_어선_제33동익호_선원사망사건,인명사상_어선_한별호_선원사망사건,0.7505
인명사상_어선_장미2호_선원사망사건,인명사상_어선_한별호_선원사망사건,0.7663
인명사상_어선_제2성화호_선원부상사건,인명사상_어선_해성호_선원사망사건,0.7504
인명사상_어선_원성호_선원부상사건(약식),인명사상_어선_해성호_선원사망사건,0.7496
인명사상_어선_해성호_선원사망사건,인명사상_어선_화영호_선원사망사건,0.7885
인명사상_어선_정원호_선원부상사건,인명사상_어선_해성호_선원사망사건,0.7491
인명사상_어선_현대호_선원사상사건,행방불명_어선_해금호_선원실종사건,0.7689
인명사상_어선_제2성화호_선원부상사건,인명사상_어선_현대호_선원사상사건,0.7602
인명사상_어선_명성호_선원사상사건,인명사상_어선_현대호_선원사상사건,0.7575
인명사상_어선_광정15호_선원사망사건,인명사상_어선_화영호_선원사망사건,0.6912
인명사상_어선_정원호_선원부상사건,인명사상_어선_화영호_선원사망사건,0.7021
인명사상_어선_화영호_선원사망사건,좌초_어선_팔팔호_전복사건,0.6873
인명사상_어선_제25민성호_선원부상사건,인명사상_어업지도선_무궁화37호_선원사망사건,0.7492
인명사상_어업지도선_무궁화37호_선원사망사건,인명사상_예인선_77신정호_선원부상사건,0.7597
인명사상_예선_바다2호_선원사망사건,전복_예인선_101유한_전복사건,0.7109
인명사상_예선_바다2호_선원사망사건,인명사상_예인선_전남912호의_피예인부선_6001고려호_선원사망사건,0.7228
인명사상_어선_제21남경호_부유물감김사건으로_인한_선원사망사건,인명사상_예선_바다2호_선원사망사건,0.7083
인명사상_예선_바다2호_선원사망사건,접촉_케미컬운반선_나비그8_스카이_부두접촉사건,0.6946
인명사상_예인선_101한진호_선원부상사건,충돌_석유제품운반선_만수호_기타선_제1오복호_충돌사건,0.691
인명사상_예인선_101한진호_선원부상사건,충돌_카페리여객선_비금아일랜드호·어선_영준2호_등_3척_충돌사건,0.6902
인명사상_예인선_101한진호_선원부상사건,충돌_예인선_101삼우호_침수사건,0.6996
인명사상_예인선_101한진호_선원부상사건,충돌_석유제품운반선_카리스_낚시어선_선경호_충돌사건,0.6875
인명사상_예인선_101한진호_선원사망사건,충돌_어선_제2017대청호&어선_경덕호_충돌사건,0.7838
인명사상_어선_제101통영호_선원사상사건,인명사상_예인선_101한진호_선원사망사건,0.7686
인명사상_예인선_2002해영_선원사망사건,화재_어선_제102동해호_화재사건,0.7327
인명사상_예인선_2002해영_선원사망사건,충돌_어선_도청호ㆍ어선_제206동양호_충돌사건,0.7532
인명사상_예인선_2002해영_선원사망사건,"충돌_어선_제205창남호,_예인선_창성6호의_피예인부선_사하5_충돌사건",0.7363
인명사상_예인선_2002해영_선원사망사건,화재_어선_제3문성호_화재사건,0.7703
인명사상_어선_제2017세종호_선원사망사건,인명사상_예인선_77신정호_선원부상사건,0.7399
인명사상_예인선_건우1200호_선원사망사건,인명사상_예인선_제3001광진호_선원사망사건,0.7438
인명사상_예인선_건우1200호_선원사망사건,충돌_예인선_부경103호의_피예인부선_광진1501호·어선_신성호_충돌사건,0.7719
인명사상_예인선_건우1200호_선원사망사건,해양오염_예인선_303종영호_해양오염사건,0.7314
인명사상_예인선_건우1200호_선원사망사건,충돌_예인선_에스에스_티3호의_피예인부선_에스에스_비1호_·어선_거성호_충돌ᄉ_48e1432b,0.7229
인명사상_예인선_용진_선원부상사건,인명사상_예인선_현대쥬베일호_선원사망사건,0.7653
기타_어선_제207성진호_침수사건,인명사상_예인선_용진_선원부상사건,0.7781
인명사상_예인선_용진_선원부상사건,충돌_어선_제69해동호&산적화물선_오션레전드_충돌사건,0.7797
인명사상_예인선_용진_선원부상사건,충돌_어선_제2017대청호&어선_경덕호_충돌사건,0.7623
인명사상_예인선_재원3호_선원부상사건,해양오염_유류운반부선_은성_해양오염사건,0.7307
인명사상_어선_제101순흥호_선원부상사건,인명사상_예인선_재원3호_선원부상사건,0.755
인명사상_예인선_전남912호의_피예인부선_6001고려호_선원사망사건,인명사상_예인선_효종호_선원사망사건,0.7615
인명사상_예인선_전남912호의_피예인부선_6001고려호_선원사망사건,충돌_예인선_울산109호의_피예인부선_울산6003호·어선_1신창호_충돌사건,0.79
인명사상_예인선_전남912호의_피예인부선_6001고려호_선원사망사건,인명사상_통선_제1동양호_승객사망사건,0.7794
인명사상_예인선_제201동성호_선원사망사건,충돌_일반화물선_일현정호&어선_제2008성해호_충돌사건,0.7662
인명사상_예인선_제201동성호_선원사망사건,충돌_어선_제2019하람호-어선_수광호_충돌사건,0.7522
인명사상_예인선_용진_선원부상사건,인명사상_예인선_제201동성호_선원사망사건,0.7371
인명사상_예인선_제201동성호_선원사망사건,충돌_일반화물선_대호제주ㆍ어선_한연호_충돌사건,0.7273
인명사상_예인선_제3001광진호_선원사망사건,접촉_예인선_303고려호의_피예인부선_5005영빈호_시아해등부표접촉사건,0.7695
인명사상_예인선_제3001광진호_선원사망사건,충돌_컨테이너선_스카이챌린지_어선_제101성창호_충돌사건,0.7811
인명사상_예인선_제3001광진호_선원사망사건,충돌_어선_제1구진호_액화석유가스운반선_위닝로드_충돌사건,0.7525
인명사상_예인선_제3001광진호_선원사망사건,접촉_기타선_강남티-3호_양식장접촉사건,0.7521
인명사상_예인선_태양25호_선원부상사건,인명사상_예인선_현대쥬베일호_선원사망사건,0.7188
인명사상_어선_제103해금호_선원부상사건,인명사상_예인선_태양25호_선원부상사건,0.6932
인명사상_예인선_77신정호_선원부상사건,인명사상_예인선_태양25호_선원부상사건,0.6874
인명사상_액화천연가스운반선_현대_테크노피아_선원사망사건,인명사상_예인선_태양25호_선원부상사건,0.6823
인명사상_산적화물선_디엘아이비_작업원_사망사건,인명사상_예인선_해성1호_잠수사사망사건,0.6363
인명사상_예인선_해성1호_잠수사사망사건,해양오염_부선_에스비1603호_해양오염사건,0.6215
인명사상_어선_제21남경호_부유물감김사건으로_인한_선원사망사건,인명사상_예인선_해성1호_잠수사사망사건,0.6132
인명사상_예인선_해성1호_잠수사사망사건,화재_어선_수정호_화재사건,0.6044
인명사상_예인선_현대쥬베일호_선원사망사건,접촉_예인선_안진1호_앵커체인_접촉사건,0.7485
인명사상_예인선_현대쥬베일호_선원사망사건,충돌_예인선_현대쥬베일호·어선_제311명천호_충돌사건,0.7896
인명사상_예인선_현대쥬베일호_선원사망사건,전복_예인선_재원1호의_피예인부선_미래9003호_전복사건,0.7581
인명사상_예인선_용진_선원부상사건,인명사상_예인선_현대쥬베일호_선원사망사건,0.718
인명사상_예인선_현대쥬베일호_선원사망사건,인명사상_예인선_현대쥬베일호_선원사망사건,0.7352
인명사상_예인선_현대쥬베일호_선원사망사건,접촉_산적화물선_플레차_부두접촉사건(공개용_재결서),0.7159
인명사상_예인선_현대쥬베일호_선원사망사건,접촉_카페리여객선_송림블루오션_부두접촉사건,0.6988
인명사상_예인선_효종호_선원사망사건,충돌_예인선_울산109호의_피예인부선_울산6003호·어선_1신창호_충돌사건,0.7343
인명사상_예인선_효종호_선원사망사건,인명사상_통선_제1동양호_승객사망사건,0.716
인명사상_예인선_효종호_선원사망사건,접촉_석유제품운반선_삼진1호_방파제접촉사건,0.7088
인명사상_어선_제2성화호_선원부상사건,인명사상_원양어선_사조_패밀리아호_선원사망사건,0.7534
인명사상_원양어선_사조_패밀리아호_선원사망사건,좌초_어선_해영호_좌초사건,0.756
인명사상_어선_장미2호_선원사망사건,인명사상_원양어선_사조_패밀리아호_선원사망사건,0.7292
인명사상_어선_제909주영호_선원실종사건,인명사상_원양어선_사조_패밀리아호_선원사망사건,0.7274
인명사상_원양어선_세인_파이오니아호_선원사망사건,인명사상_원양어선_슐에스테701호_선원사망사건,0.7725
인명사상_어선_제2성화호_선원부상사건,인명사상_원양어선_세인_파이오니아호_선원사망사건,0.7718
인명사상_원양어선_슐에스테701호_선원사망사건,좌초_어선_제105신광호_좌초사건,0.8036
인명사상_어선_원성호_선원부상사건(약식),인명사상_원양어선_슐에스테701호_선원사망사건,0.765
인명사상_유류_및_액체화학품_산적운반선_한림에이스_선원사망사건,해양오염_일반화물선_포스_해양오염사건,0.7423
인명사상_유류_및_액체화학품_산적운반선_한림에이스_선원사망사건,화재_일반화물선_한진그린호_화재사건,0.7719
인명사상_어선_제21남경호_부유물감김사건으로_인한_선원사망사건,인명사상_유류_및_액체화학품_산적운반선_한림에이스_선원사망사건,0.7401
인명사상_유류_및_액체화학품_산적운반선_한림에이스_선원사망사건,화재_낚시어선_영석호_화재사건,0.7293
인명사상_유류_및_액체화학품산적운반선_아라하나_선원사망사건,해양오염_석유제품운반선_덕성2호_해양오염사건,0.7096
인명사상_유류_및_액체화학품산적운반선_아라하나_선원사망사건,해양오염_액체화학품산적운반선_107효동케미_해양오염사건,0.7326
인명사상_유류_및_액체화학품산적운반선_아라하나_선원사망사건,해양오염_예인선_태성2000호_해양오염사건,0.7018
인명사상_유류_및_액체화학품산적운반선_아라하나_선원사망사건,해양오염_어선_제155희영호_해양오염사건,0.6959
인명사상_일반화물선_썬_이스턴_도선사_사망사건,접촉_산적화물선_윌리엄_올덴도르프_부두접촉사건,0.7696
인명사상_예인선_전남912호의_피예인부선_6001고려호_선원사망사건,인명사상_일반화물선_썬_이스턴_도선사_사망사건,0.7502
인명사상_일반화물선_썬_이스턴_도선사_사망사건,충돌_예인선_광진107호의_피예인부선_재성101호·카페리화물부선_동서6001호_충_75ddac1e,0.7458
인명사상_일반화물선_썬_이스턴_도선사_사망사건,인명사상_일반화물선_통마오6_화물감정사_사망사건,0.7366
인명사상_일반화물선_제27금진호_줄잡이원부상사건,충돌_어선_203원창호.어선_제3광림호_충돌사건,0.6937
인명사상_어선_제809주영호_선원사망사건,인명사상_일반화물선_제27금진호_줄잡이원부상사건,0.6694
인명사상_어선_제203대영호_선원부상사건,인명사상_일반화물선_제27금진호_줄잡이원부상사건,0.6736
인명사상_일반화물선_제27금진호_줄잡이원부상사건,인명사상_일반화물선_제니스로얄호_선원사망사건,0.6682
인명사상_일반화물선_제니스로얄호_선원사망사건,해양오염_석유제품운반선_아성호_해양오염사건,0.7241
인명사상_석유제품운반선_한유비전_선원부상사건,인명사상_일반화물선_제니스로얄호_선원사망사건,0.734
인명사상_예인선_전남912호의_피예인부선_6001고려호_선원사망사건,인명사상_일반화물선_제니스로얄호_선원사망사건,0.7204
인명사상_어선_제203대영호_선원부상사건,인명사상_일반화물선_제니스로얄호_선원사망사건,0.717
인명사상_일반화물선_통마오6_화물감정사_사망사건,전복_어선_제2014민성호_전복사건,0.7223
기타_어선_제207성진호_침수사건,인명사상_일반화물선_통마오6_화물감정사_사망사건,0.7078
인명사상_일반화물선_통마오6_화물감정사_사망사건,접촉_예인선_울산705호의_피예인선_울산10001호_송전선접촉사건,0.7275
인명사상_컨테이너선_홍콩_보이저_선원사망사건,좌초_예인선_202피닉스호_좌초사건,0.7382
인명사상_컨테이너선_홍콩_보이저_선원사망사건,좌초_산적화물선_케이씨_하동_좌초사건,0.7198
인명사상_컨테이너선_홍콩_보이저_선원사망사건,접촉_예인선_안진1호_앵커체인_접촉사건,0.717
인명사상_예인선_현대쥬베일호_선원사망사건,인명사상_컨테이너선_홍콩_보이저_선원사망사건,0.7069
인명사상_통선_백조102호_승객사망사건,해양오염_석유제품운반선_덕성2호_해양오염사건,0.7317
인명사상_통선_백조102호_승객사망사건,해양오염_예인선_태성2000호_해양오염사건,0.7202
기타_예인선_강남티-15호_침수사건,인명사상_통선_백조102호_승객사망사건,0.719
인명사상_통선_백조102호_승객사망사건,전복_공사작업용부선_동방2005호_전복사건,0.6937
인명사상_통선_제1동양호_승객사망사건,접촉_예인선_303고려호의_피예인부선_5005영빈호_시아해등부표접촉사건,0.7635
인명사상_통선_제1동양호_승객사망사건,접촉_기타선_강남티-3호_양식장접촉사건,0.7526
인명사상_통선_제1동양호_승객사망사건,접촉_카페리여객선_송림블루오션_부두접촉사건,0.757
인명사상_통선_제3성원호_승객사망사건,충돌_유조선_1거성_예인선_303일신호의_피예인_지질조사용_구조물_충돌사건,0.6987
인명사상_통선_제3성원호_승객사망사건,화재_어선_채민호_화재사건,0.7154
인명사상_어선_제103해금호_선원부상사건,인명사상_통선_제3성원호_승객사망사건,0.7223
기관손상_카페리여객선_대형카훼리3호_기관손상사건,인명사상_통선_제3성원호_승객사망사건,0.7164
전복_공사작업용부선_동방2005호_전복사건,침몰_어선_유동호·어선_유동2호_침몰사건,0.7557
인명사상_예인선_제3001광진호_선원사망사건,전복_공사작업용부선_동방2005호_전복사건,0.7296
전복_공사작업용부선_동방2005호_전복사건,전복_예인선_101유한_전복사건,0.7246
전복_공사작업용부선_동방2005호_전복사건,충돌_예인선_101경원호의_피예인부선_동일502호·부선_해건9001호_충돌사건,0.7362
전복_모터보트_마린스포츠호_전복사건,충돌_어선_제703유경호_어선_세양호_충돌사건,0.66
인명사상_어선_제306민금호_선원사망사건,전복_모터보트_마린스포츠호_전복사건,0.6643
전복_모터보트_마린스포츠호_전복사건,전복_여객선_플라잉카페리호에_의한_어선_대동2호_전복사건,0.6876
인명사상_모터보트_로얄마린_수중레저활동자_사망사건,전복_모터보트_마린스포츠호_전복사건,0.6824
전복_모터보트_송광2호_전복사건,충돌_예인선_301조양호의_피예인부선_건민17000호ㆍ어선_광해호_충돌사건,0.7027
전복_모터보트_송광2호_전복사건,좌초_어선_정일호_좌초사건,0.6666
인명사상_어선_제793금정호_선원실종사건,전복_모터보트_송광2호_전복사건,0.665
전복_모터보트_혜성호_전복사건,좌초_낚시어선_라이트호_좌초사건,0.7773
전복_모터보트_혜성호_전복사건,좌초_낚시어선_돌핀호_좌초사건,0.7747
전복_모터보트_혜성호_전복사건,충돌_어선_글로벌호_어선_해양호_충돌사건,0.7362
전복_모터보트_혜성호_전복사건,좌초_낚시어선_초이스호_좌초사건,0.7348
전복_어선_153해월호_전복사건,충돌_어선_제2017대청호&어선_경덕호_충돌사건,0.7628
전복_어선_153해월호_전복사건,전복_어선_제105동건호_전복사건,0.786
전복_어선_153해월호_전복사건,좌초_어선_제5해창호_좌초사건,0.7699
전복_어선_2006만진호_전복사건,전복_어선_제7074창진호_전복사건,0.7997
전복_어선_2006만진호_전복사건,전복_어선_2008만선호_전복사건,0.7826
기타_어선_제207성진호_침수사건,전복_어선_2006만진호_전복사건,0.761
전복_어선_2006만진호_전복사건,전복_어선_제708만복호_전복사건,0.7574
전복_어선_2008만선호_전복사건,전복_어선_제7074창진호_전복사건,0.8179
전복_어선_2008만선호_전복사건,전복_어선_제2해신호_전복사건,0.7865
전복_어선_2008만선호_전복사건,충돌_어선_제69해동호&산적화물선_오션레전드_충돌사건,0.7757
전복_어선_7대봉산호_전복사건,좌초_어선_제2019덕성호_좌초사건,0.6982
인명사상_어선_장미2호_선원사망사건,전복_어선_7대봉산호_전복사건,0.7022
전복_어선_7대봉산호_전복사건,접촉_산적화물선_플레차_부두접촉사건(공개용_재결서),0.7003
전복_어선_85대양호_전복사건,전복_어선_제0519복길호_전복사건,0.74
인명사상_어선_바다2호_선원사망사건,전복_어선_85대양호_전복사건,0.7365
전복_어선_85대양호_전복사건,전복_어선_제105동건호_전복사건,0.7234
인명사상_어선_제203대영호_선원부상사건,전복_어선_85대양호_전복사건,0.7197
전복_어선_대광호_전복사건,전복_어선_해광호_전복사건,0.7478
전복_어선_대광호_전복사건,전복_어선_제102해진호_전복사건,0.7285
인명사상_어선_제609천금호_선원부상사건,전복_어선_대광호_전복사건,0.7247
인명사상_어선_주용호_선원사망사건,전복_어선_대광호_전복사건,0.7245
기타_어선_제207성진호_침수사건,전복_어선_동진호_전복사건,0.7441
전복_어선_동진호_전복사건,"충돌_낚시어선_스피드호,_어선_풍정호_충돌사건",0.7353
전복_어선_동진호_전복사건,충돌_낚시어선_인성호_모터보트_윤진호_충돌사건,0.7291
전복_어선_동진호_전복사건,접촉_어선_개척2호_암벽접촉사건,0.7259
전복_어선_순경7호_전복사건,좌초_카페리여객선_섬사랑11호_좌초사건,0.7638
인명사상_어선_제31금영호_선원부상사건,전복_어선_순경7호_전복사건,0.7471
인명사상_어선_원성호_선원부상사건(약식),전복_어선_순경7호_전복사건,0.7373
전복_어선_순경7호_전복사건,충돌_어선_글로벌호_어선_해양호_충돌사건,0.734
전복_어선_영광호_전복사건,충돌_어선_글로벌호_어선_해양호_충돌사건,0.7234
기타_어선_신아호_침수사건,전복_어선_영광호_전복사건,0.7303
전복_어선_순경7호_전복사건,전복_어선_영광호_전복사건,0.7078
인명사상_어선_바다2호_선원사망사건,전복_어선_제0519복길호_전복사건,0.7514
기타_어선_제207성진호_침수사건,전복_어선_제0519복길호_전복사건,0.7474
전복_어선_제0519복길호_전복사건,전복_어선_제105동건호_전복사건,0.7406
전복_어선_제102해진호_전복사건,침몰_어선_제71용득호_침몰사건,0.7887
전복_어선_제102해진호_전복사건,좌초_어선_해성호_좌초사건,0.7619
인명사상_어선_제2성화호_선원부상사건,전복_어선_제102해진호_전복사건,0.7511
기타_어선_제207성진호_침수사건,전복_어선_제102해진호_전복사건,0.7505
전복_어선_제105동건호_전복사건,전복_어선_제2014민성호_전복사건,0.7631
전복_어선_제105동건호_전복사건,"충돌_어선_제7청진호,_어선_포레나호_충돌사건",0.765
전복_어선_제136다누리호_전복사건,전복_어선_제32명민호_전복사건,0.7257
인명사상_어선_제237양창호_선원사망사건,전복_어선_제136다누리호_전복사건,0.7373
전복_어선_제136다누리호_전복사건,침몰_어선_유동호·어선_유동2호_침몰사건,0.7138
전복_어선_제136다누리호_전복사건,전복_어선_제207남양호_전복사건,0.7105
전복_어선_제102해진호_전복사건,전복_어선_제1부경호_전복사건,0.739
기타_어선_신아호_침수사건,전복_어선_제1부경호_전복사건,0.7264
전복_어선_제1부경호_전복사건,전복_예인선_153강성5호의_피예인부선_강성3500호_전복사건,0.7147
전복_어선_제1부경호_전복사건,좌초_예인선_성원3호_좌초사건,0.7116
인명사상_어선_제205금성호_선원사망사건,전복_어선_제2014민성호_전복사건,0.7424
전복_어선_제2014민성호_전복사건,전복_어선_제32명민호_전복사건,0.7427
인명사상_어선_정복호_선원부상사건,전복_어선_제2014민성호_전복사건,0.7399
전복_어선_제207남양호_전복사건,충돌_어선_제2017대청호&어선_경덕호_충돌사건,0.762
전복_어선_제207남양호_전복사건,화재_제2017국제호_화재사건,0.7522
전복_어선_제207남양호_전복사건,좌초_어선_만경호_좌초사건,0.8111
전복_어선_제207남양호_전복사건,침몰_어선_제1두두호_침몰사건,0.7521
전복_어선_제2해신호_전복사건,좌초_어선_제2019덕성호_좌초사건,0.7834
전복_어선_제2해신호_전복사건,화재_어선_제365청신호_화재사건,0.7686
전복_어선_제2해신호_전복사건,좌초_어선_제66함성호_좌초사건,0.7541
전복_어선_제32명민호_전복사건,좌초_어선_해성호_좌초사건,0.739
전복_어선_제105동건호_전복사건,전복_어선_제32명민호_전복사건,0.758
기타_어선_신아호_침수사건,전복_어선_제32명민호_전복사건,0.7267
전복_어선_제7074창진호_전복사건,전복_어선_제708만복호_전복사건,0.8847
기타_어선_제207성진호_침수사건,전복_어선_제7074창진호_전복사건,0.7646
기타_어선_제207성진호_침수사건,전복_어선_제708만복호_전복사건,0.7856
전복_어선_제708만복호_전복사건,좌초_어선_서온호_좌초사건,0.7672
전복_어선_제708만복호_전복사건,좌초_어선_제2019덕성호_좌초사건,0.7662
전복_어선_진곤호_전복사건,좌초_어선_제83양진호_좌초사건,0.7697
기관손상_어선_제209신광호_기관손상사건,전복_어선_진곤호_전복사건,0.782
인명사상_어선_제809주영호_선원사망사건,전복_어선_진곤호_전복사건,0.7519
전복_어선_진곤호_전복사건,좌초_어선_만경호_좌초사건,0.747
전복_어선_청보호_전복사건,충돌_어선_제153혜승호_일반화물선_헹유_충돌사건,0.7504
전복_어선_청보호_전복사건,충돌_어선_도청호ㆍ어선_제206동양호_충돌사건,0.7486
전복_어선_청보호_전복사건,"충돌_어선_일성호,_어선_복성2호_충돌사건",0.7429
전복_어선_청보호_전복사건,좌초_어선_제2019덕성호_좌초사건,0.7424
전복_어선_해광호_전복사건,침몰_어선_유동호·어선_유동2호_침몰사건,0.7788
전복_어선_제105동건호_전복사건,전복_어선_해광호_전복사건,0.7457
전복_어선_해광호_전복사건,좌초_낚시어선_라이트호_좌초사건,0.7383
전복_어선_해성호_전복사건,침몰_어선_유동호·어선_유동2호_침몰사건,0.7335
전복_어선_제105동건호_전복사건,전복_어선_해성호_전복사건,0.729
전복_어선_제102해진호_전복사건,전복_어선_해성호_전복사건,0.7283
전복_어선_해성호_전복사건,충돌_유조선_1거성_예인선_303일신호의_피예인_지질조사용_구조물_충돌사건,0.7284
인명사상_어선_바다2호_선원사망사건,전복_여객선_플라잉카페리호에_의한_어선_대동2호_전복사건,0.752
인명사상_원양어선_세인_파이오니아호_선원사망사건,전복_여객선_플라잉카페리호에_의한_어선_대동2호_전복사건,0.7497
전복_예인선_101유한_전복사건,좌초_예인선_우국티5호의_피예인부선_금오7호_좌초사건,0.7621
기타_어선_제207성진호_침수사건,전복_예인선_101유한_전복사건,0.7598
인명사상_예인선_용진_선원부상사건,전복_예인선_101유한_전복사건,0.7581
전복_예인선_101유한_전복사건,충돌_카페리여객선_한일골드스텔라호&일반화물선_제107대양호_충돌사건,0.7527
전복_예인선_153강성5호의_피예인부선_강성3500호_전복사건,접촉_예인선_153강성호5호_양식장_접촉사건,0.7249
기타_예인선_강남티-15호_침수사건,전복_예인선_153강성5호의_피예인부선_강성3500호_전복사건,0.7093
인명사상_예인선_현대쥬베일호_선원사망사건,전복_예인선_153강성5호의_피예인부선_강성3500호_전복사건,0.6979
전복_예인선_우성호의_피예인부선_연안호_전복사건,접촉_기타선_강남티-3호_양식장접촉사건,0.713
전복_예인선_우성호의_피예인부선_연안호_전복사건,좌초_어선_정일호_좌초사건,0.7138
전복_예인선_우성호의_피예인부선_연안호_전복사건,전복_예인선_웅진티-3600호_전복사건,0.7076
전복_예인선_우성호의_피예인부선_연안호_전복사건,전복_예인선_재원1호의_피예인부선_미래9003호_전복사건,0.7179
인명사상_어선_제33동익호_선원사망사건,전복_예인선_웅진티-3600호_전복사건,0.7105
전복_예인선_웅진티-3600호_전복사건,"충돌_어선_제3대광호,_어선_영창호_충돌사건",0.7074
전복_예인선_웅진티-3600호_전복사건,충돌_유류_및_액체화학품산적운반선_케이티에스_그린호-어선_제322광덕ᄒ_08035755,0.6986
전복_예인선_재원1호의_피예인부선_미래9003호_전복사건,충돌_카페리선_뉴은혜페리호_실뱀장어안강망_바지접촉사건,0.7652
전복_예인선_재원1호의_피예인부선_미래9003호_전복사건,접촉_기타선_강남티-3호_양식장접촉사건,0.7482
전복_예인선_재원1호의_피예인부선_미래9003호_전복사건,"충돌_어선_제307풍성호,_컨테이너운반선_에스아이티씨_얀타이_충돌사건",0.7369
전복_자동차운반선_골든레이_전도(전복)사건,접촉_유조선_동아_테미스_부두접촉사건,0.6834
전복_예인선_101유한_전복사건,전복_자동차운반선_골든레이_전도(전복)사건,0.6907
전복_자동차운반선_골든레이_전도(전복)사건,접촉_기타선(실습선)_세계로_등부표_접촉사건,0.68
전복_자동차운반선_골든레이_전도(전복)사건,접촉_예인선_대승105호의_피예인부선_대승2호_울돌목_조류발전소_접촉사건,0.6751
인명사상_예인선_전남912호의_피예인부선_6001고려호_선원사망사건,접촉_기타선(실습선)_세계로_등부표_접촉사건,0.7401
접촉_기타선(실습선)_세계로_등부표_접촉사건,충돌_일반화물선_에스앤케이_레이디호-예인선_삼표201호의_피예인부선_삼ᄑ_387cd8ed,0.7567
접촉_기타선(실습선)_세계로_등부표_접촉사건,충돌_어선_제211은진호.어선_제88부영호_충돌사건,0.7289
접촉_기타선_강남티-3호_양식장접촉사건,충돌_카페리선_뉴은혜페리호_실뱀장어안강망_바지접촉사건,0.7549
접촉_기타선_강남티-3호_양식장접촉사건,좌초_어선_정일호_좌초사건,0.7612
접촉_기타선_강남티-3호_양식장접촉사건,접촉_카페리여객선_송림블루오션_부두접촉사건,0.7547
접촉_낚시어선_뉴여명호_갯바위_접촉사건,접촉_어선_개척2호_암벽접촉사건,0.7302
접촉_낚시어선_뉴여명호_갯바위_접촉사건,좌초_어선_9009경진호_좌초사건,0.7517
접촉_낚시어선_뉴여명호_갯바위_접촉사건,충돌_어선_광영호_좌초사건,0.7283
접촉_낚시어선_뉴여명호_갯바위_접촉사건,"충돌_낚시어선_블랙이글호,_모터보트_성진호_충돌사건",0.7274
접촉_낚시어선_모하비호_거가대교_교각접촉사건,접촉_낚시어선_챔프호_신거제대교_교각접촉사건,0.7593
접촉_낚시어선_모하비호_거가대교_교각접촉사건,접촉_낚시어선_허리케인호_거가대교_교각접촉사건,0.8119
접촉_낚시어선_모하비호_거가대교_교각접촉사건,충돌_석유제품운반선_만수호_기타선_제1오복호_충돌사건,0.7975
접촉_낚시어선_모하비호_거가대교_교각접촉사건,충돌_어선_제202경남호_어선_경민호_충돌사건,0.7489
접촉_낚시어선_세진호_등부표접촉사건,접촉_어선_제101평진호_등부표접촉사건,0.8316
접촉_낚시어선_세진호_등부표접촉사건,충돌_어선_봉진호_·_어선_동영호_충돌사건,0.8078
접촉_낚시어선_세진호_등부표접촉사건,충돌_예인선_77신정호의_피예인부선_케이제이-3001호_낚시어선_은빛호_충돌ᄉ_6691206a,0.79
접촉_낚시어선_세진호_등부표접촉사건,좌초_일반화물선_대호제주_좌초사건(약식),0.7897
인명사상_어선_제307영용호_선원사망사건,접촉_낚시어선_씨엔피대물2호_부두접촉사건,0.7455
기타_어선_제207성진호_침수사건,접촉_낚시어선_씨엔피대물2호_부두접촉사건,0.7824
접촉_낚시어선_씨엔피대물2호_부두접촉사건,좌초_낚시어선_진스타호_좌초사건,0.7422
인명사상_예인선_용진_선원부상사건,접촉_낚시어선_씨엔피대물2호_부두접촉사건,0.7393
접촉_낚시어선_준성호_해상펜션구조물_접촉사건,침몰_예인선_제66동원호_침몰사건,0.6694
인명사상_어선_제21구진호_선원부상사건,접촉_낚시어선_준성호_해상펜션구조물_접촉사건,0.6515
접촉_낚시어선_준성호_해상펜션구조물_접촉사건,충돌_어선_유정호-모터보트_우리호_충돌사건,0.6501
접촉_낚시어선_챌린지피싱호_돌핀접촉사건,좌초_어선_제5해창호_좌초사건,0.7614
접촉_낚시어선_챌린지피싱호_돌핀접촉사건,접촉_낚시어선_챔피언호_교각공사시설_접촉사건,0.7559
접촉_낚시어선_챌린지피싱호_돌핀접촉사건,충돌_어선_부성호.어선_해성호_충돌사건,0.7611
접촉_낚시어선_챌린지피싱호_돌핀접촉사건,좌초_어선_해성호_좌초사건,0.7505
접촉_낚시어선_챔프호_신거제대교_교각접촉사건,충돌_낚시어선_스텔라호_어선_동성호_충돌사건,0.7102
접촉_낚시어선_챔프호_신거제대교_교각접촉사건,충돌_어선_영신호_모터보트_바다여행_충돌사건,0.7173
접촉_낚시어선_챔프호_신거제대교_교각접촉사건,좌초_어선_금화3호_좌초사건,0.7043
접촉_낚시어선_챔피언호_교각공사시설_접촉사건,좌초_어선_해성호_좌초사건,0.7462
접촉_낚시어선_챔피언호_교각공사시설_접촉사건,좌초_낚시어선_나이키호_좌초사건,0.7399
접촉_낚시어선_챔피언호_교각공사시설_접촉사건,충돌_어선_삼양호.낚시어선_대진호_충돌사건,0.7377
인명사상_어선_78임수호_선원사망사건,접촉_낚시어선_푸른바다호_교각접촉사건,0.6575
접촉_낚시어선_푸른바다호_교각접촉사건,추진축계손상_도선_여수경도골프앤리조트호_추진축계손상사건,0.6462
인명사상_어선_203남광호_선원사망사건,접촉_낚시어선_푸른바다호_교각접촉사건,0.639
접촉_낚시어선_푸른바다호_교각접촉사건,접촉_어선_개척2호_암벽접촉사건,0.6374
접촉_낚시어선_허리케인호_거가대교_교각접촉사건,좌초_낚시어선_돌핀호_좌초사건,0.7275
접촉_낚시어선_허리케인호_거가대교_교각접촉사건,좌초_낚시어선_라이트호_좌초사건,0.727
접촉_낚시어선_허리케인호_거가대교_교각접촉사건,충돌_어선_글로벌호_어선_해양호_충돌사건,0.7205
접촉_산적화물선_엘스_하동항_부두_하역기_접촉사건,접촉_유조선_동아_테미스_부두접촉사건,0.6891
접촉_산적화물선_엘스_하동항_부두_하역기_접촉사건,접촉_예인선_울산705호의_피예인선_울산10001호_송전선접촉사건,0.673
접촉_산적화물선_엘스_하동항_부두_하역기_접촉사건,접촉_카페리여객선_송림블루오션_부두접촉사건,0.681
접촉_산적화물선_엘스_하동항_부두_하역기_접촉사건,충돌_어선_제2017대청호&어선_경덕호_충돌사건,0.6718
접촉_산적화물선_윌리엄_올덴도르프_부두접촉사건,좌초_어선_제105신광호_좌초사건,0.7476
접촉_산적화물선_윌리엄_올덴도르프_부두접촉사건,충돌_예인선_301조양호의_피예인부선_건민17000호ㆍ어선_광해호_충돌사건,0.7573
접촉_산적화물선_윌리엄_올덴도르프_부두접촉사건,접촉_산적화물선_플레차_부두접촉사건(공개용_재결서),0.7999
접촉_산적화물선_플레차_부두접촉사건(공개용_재결서),충돌_낚시어선_스마트2호.부선_제103백석호_충돌사건,0.7636
접촉_산적화물선_플레차_부두접촉사건(공개용_재결서),"충돌_어선_제97임수호,_액화석유가스운반선_구이페이_충돌사건",0.7244
접촉_산적화물선_플레차_부두접촉사건(공개용_재결서),"충돌_석유제품운반선_13대양,_어선_제207윤경호_충돌사건",0.7203
접촉_석유제품운반선_삼진1호_방파제접촉사건,해양오염_예인선_광진107호_해양오염사건,0.7522
접촉_석유제품운반선_삼진1호_방파제접촉사건,좌초_어선_제5해창호_좌초사건,0.7686
접촉_석유제품운반선_삼진1호_방파제접촉사건,충돌_어선_9청진호.어선_제3천일호_충돌사건,0.7499
접촉_석유제품운반선_삼진1호_방파제접촉사건,충돌_어선_제2017대청호&어선_경덕호_충돌사건,0.7575
접촉_석유제품운반선_유성호_양식장_접촉사건,좌초_어선_제2019덕성호_좌초사건,0.7183
접촉_석유제품운반선_유성호_양식장_접촉사건,충돌_석유제품운반선_유성호_낚시어선_매니아1호_충돌사건,0.7172
접촉_석유제품운반선_유성호_양식장_접촉사건,좌초_낚시어선_라이트호_좌초사건,0.7231
접촉_석유제품운반선_유성호_양식장_접촉사건,좌초_어선_해성호_좌초사건,0.7042
접촉_어선_개척2호_암벽접촉사건,"충돌_어선_대명호,_어선_제1승창호_충돌사건",0.7343
기타_어선_제207성진호_침수사건,접촉_어선_개척2호_암벽접촉사건,0.7408
접촉_어선_개척2호_암벽접촉사건,좌초_어선_서온호_좌초사건,0.7637
인명사상_어선_27협신호_선원사망사건,접촉_어선_개척2호_암벽접촉사건,0.7352
접촉_어선_광영호_방파제_접촉사건,좌초_어선_제105신광호_좌초사건,0.7163
접촉_기타선_강남티-3호_양식장접촉사건,접촉_어선_광영호_방파제_접촉사건,0.7144
접촉_어선_광영호_방파제_접촉사건,좌초_어선_제5해창호_좌초사건,0.7113
접촉_어선_광영호_방파제_접촉사건,충돌_어선_제703유경호_어선_세양호_충돌사건,0.7097
접촉_어선_제101평진호_등부표접촉사건,충돌_어선_봉진호_·_어선_동영호_충돌사건,0.7659
접촉_어선_제101평진호_등부표접촉사건,충돌_예인선_77신정호의_피예인부선_케이제이-3001호_낚시어선_은빛호_충돌ᄉ_6691206a,0.7541
접촉_어선_제101평진호_등부표접촉사건,충돌_석유제품운반선_만수호_기타선_제1오복호_충돌사건,0.7365
접촉_어선_제108제일호_문도해상기상탑_접촉사건,좌초_어선_창원호_좌초사건,0.7378
접촉_어선_제108제일호_문도해상기상탑_접촉사건,충돌_어선_윤정호.어선_영남호_충돌사건,0.7377
접촉_어선_제108제일호_문도해상기상탑_접촉사건,"충돌_어선_제600만성호,_어선_재경호_충돌사건",0.7668
접촉_어선_제108제일호_문도해상기상탑_접촉사건,충돌_어선_제27화승호&어선_화경호_충돌사건,0.7228
접촉_어선_제22대양호의_피예인어선_제201윤경호_울돌목_조류발전기지_접ᄎ_80e306e1,충돌_석유제품운반선_태양호_어선_제505한진호_충돌사건,0.7666
접촉_어선_제22대양호의_피예인어선_제201윤경호_울돌목_조류발전기지_접ᄎ_80e306e1,충돌_어선_제69해동호&산적화물선_오션레전드_충돌사건,0.7657
접촉_어선_제22대양호의_피예인어선_제201윤경호_울돌목_조류발전기지_접ᄎ_80e306e1,침몰_예인선_제66동원호_침몰사건,0.7558
접촉_어선_제22대양호의_피예인어선_제201윤경호_울돌목_조류발전기지_접ᄎ_80e306e1,접촉_예인선_대승105호의_피예인부선_대승2호_울돌목_조류발전소_접촉사건,0.8016
접촉_여객선_샹쉐란_부두접촉사건,충돌_어선_제2019하람호ㆍ어선_만경호_충돌사건,0.7419
접촉_여객선_샹쉐란_부두접촉사건,좌초_시멘트운반선_한라1호_좌초사건,0.7472
속구손상_예인선_36금양호_속구손상사건,접촉_여객선_샹쉐란_부두접촉사건,0.7412
접촉_여객선_샹쉐란_부두접촉사건,충돌_카페리여객선_비금아일랜드호·어선_영준2호_등_3척_충돌사건,0.7317
접촉_예인선_153강성호5호_양식장_접촉사건,화재_어선_제301한창호_화재사건,0.7273
접촉_예인선_153강성호5호_양식장_접촉사건,좌초_예인선_해건티1호의_피예인부선_해건9001호_좌초사건,0.745
접촉_예인선_153강성호5호_양식장_접촉사건,화재_어선_제509유일호_화재사건,0.7619
접촉_예인선_303고려호의_피예인부선_5005영빈호_시아해등부표접촉사건,접촉_예인선_울산705호의_피예인선_울산10001호_송전선접촉사건,0.7942
접촉_예인선_303고려호의_피예인부선_5005영빈호_시아해등부표접촉사건,충돌_예인선_광진월드7호_피예인부선_광진8001호와_크루즈_여객선_퀀텀_오_3de313c0,0.7928
접촉_예인선_303고려호의_피예인부선_5005영빈호_시아해등부표접촉사건,"충돌_낚시어선_500형빈호,_모터보트_킹스마린호_충돌사건",0.7859
접촉_예인선_303고려호의_피예인부선_5005영빈호_시아해등부표접촉사건,충돌_유조선_사핀스트렝스_방파제_접촉사건,0.7834
접촉_예인선_광진107호_부두접촉사건,충돌_어선_제76대창호.어선_제2대부호_충돌사건,0.7314
접촉_예인선_광진107호_부두접촉사건,"충돌_어선_태종호,_어선_단경호_충돌사건",0.7325
접촉_석유제품운반선_삼진1호_방파제접촉사건,접촉_예인선_광진107호_부두접촉사건,0.7335
접촉_예인선_광진107호_부두접촉사건,충돌_어선_봉진호_·_어선_동영호_충돌사건,0.729
접촉_예인선_대승105호의_피예인부선_대승2호_울돌목_조류발전소_접촉사건,좌초_어선_방주1호_좌초사건,0.7628
접촉_예인선_대승105호의_피예인부선_대승2호_울돌목_조류발전소_접촉사건,화재_어선_제509유일호_화재사건,0.7582
전복_어선_2006만진호_전복사건,접촉_예인선_대승105호의_피예인부선_대승2호_울돌목_조류발전소_접촉사건,0.7561
접촉_예인선_303고려호의_피예인부선_5005영빈호_시아해등부표접촉사건,접촉_예인선_삼양305호의_피예인항만건설작업용기중기부선_아주450호_거_3fa1ee7d,0.7697
접촉_예인선_삼양305호의_피예인항만건설작업용기중기부선_아주450호_거_3fa1ee7d,"충돌_어선_제307풍성호,_컨테이너운반선_에스아이티씨_얀타이_충돌사건",0.7458
접촉_예인선_삼양305호의_피예인항만건설작업용기중기부선_아주450호_거_3fa1ee7d,충돌_카페리선_뉴은혜페리호_실뱀장어안강망_바지접촉사건,0.7366
접촉_기타선_강남티-3호_양식장접촉사건,접촉_예인선_삼양305호의_피예인항만건설작업용기중기부선_아주450호_거_3fa1ee7d,0.7344
접촉_예인선_서진호의_피예인부선_광진6001호_울돌목_조류발전기지_접촉_446d4c6c,좌초_어선_807현진호_좌초사건,0.7204
인명사상_예인선_용진_선원부상사건,접촉_예인선_서진호의_피예인부선_광진6001호_울돌목_조류발전기지_접촉_446d4c6c,0.7173
접촉_예인선_서진호의_피예인부선_광진6001호_울돌목_조류발전기지_접촉_446d4c6c,충돌_어선_청일호.어선_동인1호_충돌사건,0.7097
접촉_예인선_서진호의_피예인부선_광진6001호_울돌목_조류발전기지_접촉_446d4c6c,충돌_어선_광영호_좌초사건,0.7024
접촉_예인선_안진1호_앵커체인_접촉사건,"충돌_기타선_코롤2호,_일반화물선_엠엠러너_충돌사건",0.7457
전복_공사작업용부선_동방2005호_전복사건,접촉_예인선_안진1호_앵커체인_접촉사건,0.7246
접촉_여객선_샹쉐란_부두접촉사건,접촉_예인선_안진1호_앵커체인_접촉사건,0.7238
접촉_예인선_울산705호의_피예인선_울산10001호_송전선접촉사건,침몰_예인선_제66동원호_침몰사건,0.7456
접촉_예인선_울산705호의_피예인선_울산10001호_송전선접촉사건,침몰_어선_유동호·어선_유동2호_침몰사건,0.7367
기타_어선_제207성진호_침수사건,접촉_예인선_울산705호의_피예인선_울산10001호_송전선접촉사건,0.7674
접촉_예인선_제1태양호의_피예인선_제1영화호_테트라포드_접촉사건,충돌_예인선_현대쥬베일호·어선_제311명천호_충돌사건,0.7301
접촉_예인선_제1태양호의_피예인선_제1영화호_테트라포드_접촉사건,침몰_예인선_제2종영호_침몰사건,0.716
속구손상_예인선_36금양호_속구손상사건,접촉_예인선_제1태양호의_피예인선_제1영화호_테트라포드_접촉사건,0.7015
전복_예인선_재원1호의_피예인부선_미래9003호_전복사건,접촉_예인선_제1태양호의_피예인선_제1영화호_테트라포드_접촉사건,0.6973
접촉_예인선_하준티-1호의_피예인부선_와이케이에스비-17_부두접촉사건,좌초_모래운반선_505삼일호_좌초사건,0.7296
접촉_예인선_303고려호의_피예인부선_5005영빈호_시아해등부표접촉사건,접촉_예인선_하준티-1호의_피예인부선_와이케이에스비-17_부두접촉사건,0.7185
속구손상_예인선_36금양호_속구손상사건,접촉_예인선_하준티-1호의_피예인부선_와이케이에스비-17_부두접촉사건,0.7192
접촉_예인선_하준티-1호의_피예인부선_와이케이에스비-17_부두접촉사건,좌초_어선_정일호_좌초사건,0.7604
접촉_유람선_해금강2호_선착장_접촉사건,충돌_어선_부성호.어선_해성호_충돌사건,0.713
접촉_유람선_해금강2호_선착장_접촉사건,침몰_예인선_제66동원호_침몰사건,0.7038
접촉_유람선_해금강2호_선착장_접촉사건,접촉_컨테이너선_스타_익스프레스_부두시설_접촉사건,0.6906
접촉_낚시어선_세진호_등부표접촉사건,접촉_유람선_해금강2호_선착장_접촉사건,0.6888
인명사상_어선_제388미래호_선원사망사건,접촉_유선_한강아라_마포대교_접촉사건,0.669
접촉_유선_한강아라_마포대교_접촉사건,화재_어선_제509유일호_화재사건,0.6728
접촉_유선_한강아라_마포대교_접촉사건,침몰_어선_제1두두호_침몰사건,0.6712
전복_어선_2008만선호_전복사건,접촉_유선_한강아라_마포대교_접촉사건,0.665
접촉_유조선_동아_테미스_부두접촉사건,접촉_케미컬운반선_나비그8_스카이_부두접촉사건,0.7255
접촉_유조선_동아_테미스_부두접촉사건,충돌_컨테이너운반선_요코하마_트레이더_예인선_901조양의_피예인부선_세방2_d0606463,0.737
접촉_유조선_동아_테미스_부두접촉사건,충돌_일반화물선_에스앤케이_레이디호-예인선_삼표201호의_피예인부선_삼ᄑ_387cd8ed,0.7261
기관손상_카페리여객선_섬사랑6호_기관손상사건,접촉_유조선_동아_테미스_부두접촉사건,0.7244
접촉_일반화물선_제25금진호_부두시설접촉사건,충돌_어선_제205광성호.일반화물선_오스트로브_아틀라소바_충돌사건,0.6821
접촉_일반화물선_제25금진호_부두시설접촉사건,충돌_어선_제76대창호.어선_제2대부호_충돌사건,0.6728
접촉_일반화물선_제25금진호_부두시설접촉사건,충돌_어선_다온호.산적화물선_버러티_충돌사건,0.6688
접촉_낚시어선_씨엔피대물2호_부두접촉사건,접촉_일반화물선_제25금진호_부두시설접촉사건,0.6597
접촉_카페리여객선_송림블루오션_부두접촉사건,접촉_컨테이너선_스타_익스프레스_부두시설_접촉사건,0.7691
접촉_카페리여객선_송림블루오션_부두접촉사건,충돌_카페리여객선_오션_비스타_제주&해경함_3012함_충돌사건,0.7747
접촉_예인선_303고려호의_피예인부선_5005영빈호_시아해등부표접촉사건,접촉_카페리여객선_송림블루오션_부두접촉사건,0.7731
접촉_카페리여객선_송림블루오션_부두접촉사건,충돌_유조선_사핀스트렝스_방파제_접촉사건,0.7598
접촉_카페리여객선_슬로아일랜드_등부표_접촉사건,"충돌_어선_제108연창호,_모터보트_야호_충돌사건",0.7083
접촉_카페리여객선_슬로아일랜드_등부표_접촉사건,충돌_어선_제305만석호&어선_제3한진호_충돌사건,0.7076
접촉_카페리여객선_슬로아일랜드_등부표_접촉사건,좌초_어선_제2019덕성호_좌초사건,0.7012
접촉_카페리여객선_슬로아일랜드_등부표_접촉사건,충돌_어선_도청호ㆍ어선_제206동양호_충돌사건,0.6963
접촉_카페리여객선_한일골드스텔라_부두접촉사건,충돌_카페리여객선_한일골드스텔라-카페리여객선_뉴스타_충돌사건,0.7479
접촉_카페리여객선_한일골드스텔라_부두접촉사건,충돌_어선_제153혜승호_일반화물선_헹유_충돌사건,0.7672
접촉_카페리여객선_한일골드스텔라_부두접촉사건,"충돌_석유제품운반선_13대양,_어선_제207윤경호_충돌사건",0.7143
접촉_카페리여객선_한일골드스텔라_부두접촉사건,행방불명_어선_제3입성호_선원실종사건,0.709
접촉_컨테이너선_밀라노브릿지_부산신항_크레인_접촉사건,접촉_컨테이너선_밀라노브릿지_부산신항_크레인_접촉사건_1,0.9882
접촉_컨테이너선_밀라노브릿지_부산신항_크레인_접촉사건,충돌_예인선_에스에스_티3호의_피예인부선_에스에스_비1호_·어선_거성호_충돌ᄉ_48e1432b,0.7496
접촉_컨테이너선_밀라노브릿지_부산신항_크레인_접촉사건,충돌_예인선_부경103호의_피예인부선_광진1501호·어선_신성호_충돌사건,0.7483
접촉_컨테이너선_밀라노브릿지_부산신항_크레인_접촉사건_1,충돌_예인선_에스에스_티3호의_피예인부선_에스에스_비1호_·어선_거성호_충돌ᄉ_48e1432b,0.7414
접촉_예인선_303고려호의_피예인부선_5005영빈호_시아해등부표접촉사건,접촉_컨테이너선_밀라노브릿지_부산신항_크레인_접촉사건_1,0.741
접촉_컨테이너선_스카이_챌린지_방파제접촉사건,충돌_어선_제103청해호&낚시어선_뉴피닉스호_충돌사건,0.7509
접촉_컨테이너선_스카이_챌린지_방파제접촉사건,좌초_어선_제105신광호_좌초사건,0.7349
접촉_컨테이너선_스카이_챌린지_방파제접촉사건,충돌_컨테이너선_스카이챌린지_어선_제101성창호_충돌사건,0.7266
접촉_컨테이너선_스카이_챌린지_방파제접촉사건,충돌_카페리선_뉴은혜페리호_실뱀장어안강망_바지접촉사건,0.7215
접촉_컨테이너선_스타_익스프레스_부두시설_접촉사건,충돌_석유제품운반선·12삼부호_어선_쌍둥이호_충돌사건,0.8053
접촉_컨테이너선_스타_익스프레스_부두시설_접촉사건,충돌_유조선_사핀스트렝스_방파제_접촉사건,0.7651
접촉_컨테이너선_스타_익스프레스_부두시설_접촉사건,충돌_어선_제607명성호_일반화물선_트러윈드어코드_충돌사건,0.7669
접촉_컨테이너선_칭다오_트레이더_부두시설_접촉사건,충돌_예인선_부경103호의_피예인부선_광진1501호·어선_신성호_충돌사건,0.7032
접촉_컨테이너선_칭다오_트레이더_부두시설_접촉사건,충돌_컨테이너선_스카이챌린지_어선_제101성창호_충돌사건,0.7083
접촉_컨테이너선_칭다오_트레이더_부두시설_접촉사건,충돌_유류_및_액체화학품산적운반선_울산_파이오니어_자동차운반선__f5b9037f,0.6923
접촉_컨테이너선_칭다오_트레이더_부두시설_접촉사건,충돌_컨테이너운반선_요코하마_트레이더_예인선_901조양의_피예인부선_세방2_d0606463,0.7379
접촉_컨테이너선_케이엠티씨_다롄_부두접촉사건,충돌_컨테이너운반선_요코하마_트레이더_예인선_901조양의_피예인부선_세방2_d0606463,0.722
접촉_여객선_샹쉐란_부두접촉사건,접촉_컨테이너선_케이엠티씨_다롄_부두접촉사건,0.6986
접촉_컨테이너선_케이엠티씨_다롄_부두접촉사건,충돌_유류_및_액체화학품산적운반선_제이앤_아이리스_중국_모래운반ᄉ_a393b3f9,0.7133
접촉_석유제품운반선_삼진1호_방파제접촉사건,접촉_컨테이너선_케이엠티씨_다롄_부두접촉사건,0.697
접촉_컨테이너운반선_하카타_보이저_기상부이_접촉사건,충돌_어선_제207상진호_어선_동인호_충돌사건,0.6716
접촉_컨테이너운반선_하카타_보이저_기상부이_접촉사건,추진축계손상_도선_여수경도골프앤리조트호_추진축계손상사건,0.6707
접촉_컨테이너운반선_하카타_보이저_기상부이_접촉사건,충돌_카페리여객선_한일골드스텔라-카페리여객선_뉴스타_충돌사건,0.6354
접촉_유조선_동아_테미스_부두접촉사건,접촉_컨테이너운반선_하카타_보이저_기상부이_접촉사건,0.6344
접촉_케미컬운반선_나비그8_스카이_부두접촉사건,충돌_유조선_사핀스트렝스_방파제_접촉사건,0.7429
접촉_컨테이너선_스타_익스프레스_부두시설_접촉사건,접촉_케미컬운반선_나비그8_스카이_부두접촉사건,0.7309
접촉_케미컬운반선_나비그8_스카이_부두접촉사건,"충돌_기타선_코롤2호,_일반화물선_엠엠러너_충돌사건",0.7357
접촉_케미컬운반선_나비그8_스카이_부두접촉사건,해양오염_석유제품운반선_아성호_해양오염사건,0.7308
인명사상_어선_유정호_선원사망사건,접촉_화물_및_카페리선_케이에스_헤르메스호_방파제_접촉사건,0.7071
인명사상_어선_제21남경호_부유물감김사건으로_인한_선원사망사건,접촉_화물_및_카페리선_케이에스_헤르메스호_방파제_접촉사건,0.7173
접촉_화물_및_카페리선_케이에스_헤르메스호_방파제_접촉사건,"충돌_화물_및_카페리선_케이에스_헤르메스호,_액화천연가스운반선_에스엠__8b440578",0.7063
접촉_화물_및_카페리선_케이에스_헤르메스호_방파제_접촉사건,충돌_어선_혜수호-모터보트_해호_충돌사건,0.7045
좌초_낚시어선_구룡호_좌초사건,충돌_어선_212성지호&어선_용궁호_충돌사건,0.7617
좌초_낚시어선_구룡호_좌초사건,좌초_낚시어선_나이키호_좌초사건,0.7654
좌초_낚시어선_구룡호_좌초사건,좌초_낚시어선_지귀도피싱호_좌초사건,0.7569
좌초_낚시어선_구룡호_좌초사건,충돌_낚시어선_화성호_낚시어선_뉴웨이브호_충돌사건,0.7441
좌초_낚시어선_나이키호_좌초사건,충돌_낚시어선_팀루비나호-고무보트_선명무_충돌사건,0.7773
좌초_낚시어선_나이키호_좌초사건,좌초_낚시어선_조광호_좌초사건,0.7803
좌초_낚시어선_나이키호_좌초사건,충돌_어선_삼양호.낚시어선_대진호_충돌사건,0.7739
좌초_낚시어선_돌핀호_좌초사건,좌초_낚시어선_짱구피싱호_좌초사건,0.7947
좌초_낚시어선_돌핀호_좌초사건,좌초_낚시어선_라이트호_좌초사건,0.8105
좌초_낚시어선_돌핀호_좌초사건,좌초_낚시어선_세븐피싱호_좌초사건,0.7774
좌초_낚시어선_동바루호_좌초사건,"충돌_어선_제7청진호,_어선_포레나호_충돌사건",0.7487
인명사상_어선_장미2호_선원사망사건,좌초_낚시어선_동바루호_좌초사건,0.7342
좌초_낚시어선_나이키호_좌초사건,좌초_낚시어선_동바루호_좌초사건,0.7698
접촉_석유제품운반선_삼진1호_방파제접촉사건,좌초_낚시어선_동바루호_좌초사건,0.7294
좌초_낚시어선_동우호_좌초사건,충돌_석유제품운반선_태양호_어선_제505한진호_충돌사건,0.7671
좌초_낚시어선_동우호_좌초사건,좌초_어선_제5해창호_좌초사건,0.7633
좌초_낚시어선_동우호_좌초사건,충돌_어선_삼양호.낚시어선_대진호_충돌사건,0.7491
좌초_낚시어선_동우호_좌초사건,충돌_어선_성진호_어선_남성호_충돌사건,0.7446
좌초_낚시어선_라이트호_좌초사건,좌초_어선_정일호_좌초사건,0.7797
좌초_낚시어선_라이트호_좌초사건,좌초_어선_21길성호_좌초사건,0.7749
좌초_낚시어선_레드스카이호_좌초사건,좌초_낚시어선_지귀도피싱호_좌초사건,0.7502
전복_어선_제7074창진호_전복사건,좌초_낚시어선_레드스카이호_좌초사건,0.7258
좌초_낚시어선_레드스카이호_좌초사건,"충돌_낚시어선_스피드호,_어선_풍정호_충돌사건",0.7366
좌초_낚시어선_레드스카이호_좌초사건,좌초_낚시어선_진스타호_좌초사건,0.7444
좌초_낚시어선_세븐피싱호_좌초사건,좌초_낚시어선_짱구피싱호_좌초사건,0.775
좌초_낚시어선_세븐피싱호_좌초사건,충돌_낚시어선_유빈호_모터보트_대양호_충돌사건,0.748
좌초_낚시어선_세븐피싱호_좌초사건,"충돌_어선_세영7호,_낚시어선_팀슈프림호_충돌사건",0.7477
좌초_낚시어선_오션마스터호_좌초사건,"충돌_어선_세영7호,_낚시어선_팀슈프림호_충돌사건",0.7695
좌초_낚시어선_오션마스터호_좌초사건,충돌_낚시어선_명진2호_어선_상진호_충돌사건,0.8062
좌초_낚시어선_오션마스터호_좌초사건,좌초_낚시어선_은갈치호_좌초사건,0.7575
좌초_낚시어선_오션마스터호_좌초사건,좌초_낚시어선_진스타호_좌초사건,0.8253
좌초_낚시어선_은갈치호_좌초사건,좌초_낚시어선_지귀도피싱호_좌초사건,0.7785
좌초_낚시어선_은갈치호_좌초사건,"충돌_낚시어선_블랙이글호,_모터보트_성진호_충돌사건",0.7721
좌초_낚시어선_은갈치호_좌초사건,"충돌_어선_수영호,_낚시어선_참사랑호_충돌사건",0.7581
인명사상_어선_유정호_선원사망사건,좌초_낚시어선_제주사랑호_좌초사건,0.754
인명사상_어선_제105대진호_선원사망사건,좌초_낚시어선_제주사랑호_좌초사건,0.7569
좌초_낚시어선_제주사랑호_좌초사건,침몰_어선_제2나일호_침몰사건,0.7538
좌초_낚시어선_제주사랑호_좌초사건,좌초_낚시어선_지귀도피싱호_좌초사건,0.7527
좌초_낚시어선_조광호_좌초사건,충돌_낚시어선_인성호_모터보트_윤진호_충돌사건,0.7714
좌초_낚시어선_조광호_좌초사건,충돌_낚시어선_화성호_낚시어선_뉴웨이브호_충돌사건,0.7628
좌초_낚시어선_조광호_좌초사건,"충돌_낚시어선_스피드호,_어선_풍정호_충돌사건",0.7509
좌초_낚시어선_지귀도피싱호_좌초사건,충돌_낚시어선_하나호·어선_솔섬호_충돌사건,0.7783
좌초_낚시어선_돌핀호_좌초사건,좌초_낚시어선_지귀도피싱호_좌초사건,0.7604
좌초_낚시어선_진스타호_좌초사건,충돌_낚시어선_명진2호_어선_상진호_충돌사건,0.8238
좌초_낚시어선_진스타호_좌초사건,"충돌_낚시어선_여수휴리호,_어선_진영호_충돌사건",0.8174
기타_어선_제207성진호_침수사건,좌초_낚시어선_진스타호_좌초사건,0.7955
좌초_낚시어선_짱구피싱호_좌초사건,충돌_중앙해심_제2022-001호(낚시어선_금성피싱호.어선_수진호_충돌사건)_공_733ef807,0.7545
좌초_낚시어선_짱구피싱호_좌초사건,좌초_낚시어선_초이스호_좌초사건,0.747
좌초_낚시어선_초이스호_좌초사건,"충돌_어선_성광호,_어선_충남호_충돌사건",0.7545
좌초_낚시어선_라이트호_좌초사건,좌초_낚시어선_초이스호_좌초사건,0.7648
좌초_낚시어선_초이스호_좌초사건,좌초_어선_서온호_좌초사건,0.753
좌초_낚시어선_테슬란호_좌초사건,"충돌_낚시어선_여수휴리호,_어선_진영호_충돌사건",0.7825
좌초_낚시어선_테슬란호_좌초사건,"충돌_급수선_대명11호,_어선_대진호_충돌사건",0.7763
좌초_낚시어선_진스타호_좌초사건,좌초_낚시어선_테슬란호_좌초사건,0.7654
좌초_낚시어선_테슬란호_좌초사건,좌초_카페리여객선_섬사랑11호_좌초사건,0.7502
좌초_낚시어선_피싱랜드호_좌초사건,"충돌_낚시어선_시온호,_어선_97흥성호_충돌사건",0.799
좌초_낚시어선_은갈치호_좌초사건,좌초_낚시어선_피싱랜드호_좌초사건,0.7473
좌초_낚시어선_피싱랜드호_좌초사건,"충돌_어선_세영7호,_낚시어선_팀슈프림호_충돌사건",0.7467
좌초_낚시어선_피싱랜드호_좌초사건,"충돌_낚시어선_뉴청해호,_낚시어선_이프로1호_충돌사건",0.7449
좌초_낚시어선_진스타호_좌초사건,좌초_낚시어선_한바다호_좌초사건,0.7519
좌초_낚시어선_한바다호_좌초사건,좌초_어선_서온호_좌초사건,0.7975
좌초_낚시어선_한바다호_좌초사건,충돌_낚시어선_명진2호_어선_상진호_충돌사건,0.7578
좌초_낚시어선_한바다호_좌초사건,좌초_어선_해성호_좌초사건,0.7541
좌초_모래운반선_505삼일호_좌초사건,좌초_어선_정일호_좌초사건,0.7571
좌초_모래운반선_505삼일호_좌초사건,충돌_카페리여객선_한일골드스텔라호&일반화물선_제107대양호_충돌사건,0.7326
좌초_모래운반선_505삼일호_좌초사건,좌초_산적화물선_신롱_좌초사건,0.7316
좌초_모터보트_라운지_부유물_감김으로_인한_좌초사건,화재_어선_제365청신호_화재사건,0.7421
접촉_석유제품운반선_삼진1호_방파제접촉사건,좌초_모터보트_라운지_부유물_감김으로_인한_좌초사건,0.7215
좌초_모터보트_라운지_부유물_감김으로_인한_좌초사건,충돌_낚시어선_팀루비나호-고무보트_선명무_충돌사건,0.7277
좌초_낚시어선_라이트호_좌초사건,좌초_산적화물선_라이아테아_좌초사건,0.7265
좌초_산적화물선_라이아테아_좌초사건,충돌_예인선_현대쥬베일호·어선_제311명천호_충돌사건,0.731
좌초_산적화물선_라이아테아_좌초사건,침몰_어선_제1두두호_침몰사건,0.7058
좌초_산적화물선_라이아테아_좌초사건,충돌_석유제품운반선·12삼부호_어선_쌍둥이호_충돌사건,0.6978
좌초_산적화물선_신롱_좌초사건,"충돌_어선_제3대광호,_어선_영창호_충돌사건",0.7455
좌초_산적화물선_신롱_좌초사건,충돌_어선_도청호ㆍ어선_제206동양호_충돌사건,0.7313
좌초_산적화물선_신롱_좌초사건,충돌_어선_제2017대청호&어선_경덕호_충돌사건,0.7293
좌초_산적화물선_케이씨_하동_좌초사건,좌초_예인선_202피닉스호_좌초사건,0.7101
좌초_산적화물선_케이씨_하동_좌초사건,화재_일반화물선_한진그린호_화재사건,0.7
인명사상_유류_및_액체화학품_산적운반선_한림에이스_선원사망사건,좌초_산적화물선_케이씨_하동_좌초사건,0.694
좌초_시멘트운반선_한라1호_좌초사건,좌초_어선_정일호_좌초사건,0.7923
좌초_시멘트운반선_한라1호_좌초사건,좌초_어선_해성호_좌초사건,0.7809
접촉_예인선_303고려호의_피예인부선_5005영빈호_시아해등부표접촉사건,좌초_시멘트운반선_한라1호_좌초사건,0.7751
좌초_시멘트운반선_한라1호_좌초사건,충돌_어선_삼운호.어선_제3일광호_충돌사건,0.7673
좌초_액화천연가스운반선_에스엠_골든이글_좌초사건,좌초_일반화물선_대호제주_좌초사건(약식),0.7143
좌초_액화천연가스운반선_에스엠_골든이글_좌초사건,좌초_예인선_우국티5호의_피예인부선_금오7호_좌초사건,0.6947
좌초_시멘트운반선_한라1호_좌초사건,좌초_액화천연가스운반선_에스엠_골든이글_좌초사건,0.7094
접촉_예인선_303고려호의_피예인부선_5005영빈호_시아해등부표접촉사건,좌초_액화천연가스운반선_에스엠_골든이글_좌초사건,0.6936
기타_어선_제207성진호_침수사건,좌초_어선_2020안성호_좌초사건,0.7756
좌초_어선_2020안성호_좌초사건,좌초_어선_303우진호_좌초사건,0.7687
좌초_어선_2020안성호_좌초사건,충돌_어선_제2019하람호-어선_수광호_충돌사건,0.7629
인명사상_어선_제101통영호_선원사상사건,좌초_어선_2020안성호_좌초사건,0.7611
좌초_어선_21길성호_좌초사건,"충돌_어선_제307풍성호,_컨테이너운반선_에스아이티씨_얀타이_충돌사건",0.7665
좌초_어선_21길성호_좌초사건,좌초_어선_정일호_좌초사건,0.7865
좌초_어선_21길성호_좌초사건,충돌_석유제품운반선_카리스_낚시어선_선경호_충돌사건,0.7586
좌초_어선_303우진호_좌초사건,좌초_어선_지영호_좌초사건,0.794
좌초_어선_303우진호_좌초사건,충돌_어선_9청진호.어선_제3천일호_충돌사건,0.7761
인명사상_어선_제101통영호_선원사상사건,좌초_어선_303우진호_좌초사건,0.7671
좌초_어선_807현진호_좌초사건,좌초_어선_방주호_좌초사건,0.748
기관손상_카페리여객선_섬사랑6호_기관손상사건,좌초_어선_807현진호_좌초사건,0.7456
좌초_어선_807현진호_좌초사건,좌초_카페리여객선_섬사랑11호_좌초사건,0.7886
좌초_어선_807현진호_좌초사건,"충돌_급수선_대명11호,_어선_대진호_충돌사건",0.7584
좌초_어선_9009경진호_좌초사건,좌초_어선_창원호_좌초사건,0.7816
좌초_어선_9009경진호_좌초사건,좌초_어선_제102영선호_좌초사건,0.8066
좌초_어선_9009경진호_좌초사건,좌초_어선_제2019덕성호_좌초사건,0.8287
좌초_어선_9009경진호_좌초사건,충돌_어선_삼양호.낚시어선_대진호_충돌사건,0.7599
좌초_어선_경신호_좌초사건,화재_어선_제102동해호_화재사건,0.7178
좌초_어선_경신호_좌초사건,좌초_어선_제2019덕성호_좌초사건,0.7013
좌초_어선_경신호_좌초사건,행방불명_어선_대금호_선원실종사건,0.7125
좌초_어선_경신호_좌초사건,좌초_어선_창원호_좌초사건,0.6913
좌초_어선_경인3호_좌초사건,좌초_어선_창원호_좌초사건,0.7389
좌초_어선_경인3호_좌초사건,좌초_어선_제105신광호_좌초사건,0.7427
좌초_어선_경인3호_좌초사건,좌초_어선_매일호_좌초사건,0.7473
좌초_어선_경인3호_좌초사건,좌초_어선_동광호_좌초사건,0.7409
좌초_어선_금화3호_좌초사건,"충돌_어선_제307풍성호,_컨테이너운반선_에스아이티씨_얀타이_충돌사건",0.7508
좌초_어선_금화3호_좌초사건,좌초_어선_해성호_좌초사건,0.7489
좌초_어선_금화3호_좌초사건,충돌_어선_삼운호.어선_제3일광호_충돌사건,0.7822
좌초_어선_금화3호_좌초사건,좌초_어선_제2019덕성호_좌초사건,0.7442
좌초_어선_기흥호_좌초사건,좌초_어선_창원호_좌초사건,0.819
좌초_어선_기흥호_좌초사건,좌초_어선_서온호_좌초사건,0.7753
좌초_어선_기흥호_좌초사건,좌초_어선_해성호_좌초사건,0.7711
좌초_어선_기흥호_좌초사건,충돌_어선_광영호_좌초사건,0.7592
인명사상_낚시어선_다원호_승객부상사건,좌초_어선_대명호_좌초사건,0.6941
인명사상_어선_은성호_선원사망사건,좌초_어선_대명호_좌초사건,0.6992
좌초_어선_대명호_좌초사건,좌초_어선_동광호_좌초사건,0.6601
인명사상_어선_통일호_선원사망사건,좌초_어선_대명호_좌초사건,0.6582
좌초_어선_대창호_좌초사건,좌초_어선_제83양진호_좌초사건,0.7466
인명사상_어선_제809주영호_선원사망사건,좌초_어선_대창호_좌초사건,0.741
전복_어선_제207남양호_전복사건,좌초_어선_대창호_좌초사건,0.7393
좌초_어선_덕명호_좌초사건,좌초_어선_평은77호_좌초사건,0.7736
좌초_어선_덕명호_좌초사건,좌초_어선_창원호_좌초사건,0.7752
좌초_어선_덕명호_좌초사건,좌초_어선_서온호_좌초사건,0.7657
전복_어선_제708만복호_전복사건,좌초_어선_덕명호_좌초사건,0.7529
좌초_어선_동광호_좌초사건,"충돌_낚시어선_여수휴리호,_어선_진영호_충돌사건",0.7747
좌초_어선_동광호_좌초사건,좌초_어선_평은77호_좌초사건,0.7801
좌초_어선_동광호_좌초사건,"충돌_석유제품운반선_13대양,_어선_제207윤경호_충돌사건",0.7662
좌초_어선_동광호_좌초사건,충돌_어선_212성지호&어선_용궁호_충돌사건,0.7591
좌초_어선_라온호_좌초사건,"충돌_어선_2007연흥호,_냉동운반선_씽_유에_충돌사건",0.7586
좌초_어선_라온호_좌초사건,"충돌_어선_제7청진호,_어선_포레나호_충돌사건",0.7545
인명사상_원양어선_세인_파이오니아호_선원사망사건,좌초_어선_라온호_좌초사건,0.745
좌초_어선_만경호_좌초사건,좌초_어선_제83양진호_좌초사건,0.8103
기관손상_어선_제209신광호_기관손상사건,좌초_어선_만경호_좌초사건,0.7724
좌초_어선_매일호_좌초사건,좌초_카페리여객선_섬사랑11호_좌초사건,0.7687
좌초_어선_매일호_좌초사건,충돌_어선_광영호_좌초사건,0.7614
좌초_어선_매일호_좌초사건,좌초_어선_서온호_좌초사건,0.7958
좌초_어선_기흥호_좌초사건,좌초_어선_매일호_좌초사건,0.7562
전복_어선_2006만진호_전복사건,좌초_어선_방주1호_좌초사건,0.7152
좌초_어선_방주1호_좌초사건,화재_어선_제3문성호_화재사건,0.7675
좌초_어선_방주1호_좌초사건,화재_어선_서윤호_화재사건,0.706
좌초_어선_방주호_좌초사건,충돌_어선_삼운호.어선_제3일광호_충돌사건,0.7608
좌초_어선_방주호_좌초사건,좌초_일반화물선_대호제주_좌초사건(약식),0.7566
좌초_어선_방주호_좌초사건,충돌_어선_삼양호.낚시어선_대진호_충돌사건,0.7588
좌초_어선_방주호_좌초사건,좌초_어선_제2019덕성호_좌초사건,0.7524
좌초_어선_서온호_좌초사건,좌초_어선_창원호_좌초사건,0.7982
좌초_어선_서온호_좌초사건,충돌_어선_광영호_좌초사건,0.7981
좌초_어선_세주호_좌초사건,충돌_어선_청일호.어선_동인1호_충돌사건,0.7555
좌초_어선_세주호_좌초사건,좌초_어선_정일호_좌초사건,0.7555
좌초_어선_세주호_좌초사건,좌초_어선_평은77호_좌초사건,0.7525
좌초_어선_세주호_좌초사건,좌초_어선_창원호_좌초사건,0.734
좌초_어선_어선호_좌초사건,좌초_예인선_대인호_좌초사건,0.6794
좌초_어선_어선호_좌초사건,충돌_어선_보성호_어선_진성호_충돌사건,0.6979
좌초_어선_어선호_좌초사건,좌초_예인선_대인호_좌초사건_1,0.6794
좌초_어선_어선호_좌초사건,좌초_어선_해성호_좌초사건,0.6693
좌초_어선_정일호_좌초사건,충돌_예인선_현대쥬베일호·어선_제311명천호_충돌사건,0.8212
좌초_어선_제102영선호_좌초사건,충돌_어선_제211은진호.어선_제88부영호_충돌사건,0.7502
인명사상_어선_제307영용호_선원사망사건,좌초_어선_제102영선호_좌초사건,0.748
좌초_어선_제102영선호_좌초사건,좌초_어선_창원호_좌초사건,0.7455
좌초_어선_제105신광호_좌초사건,"충돌_낚시어선_스피드호,_어선_풍정호_충돌사건",0.784
좌초_어선_제105신광호_좌초사건,충돌_어선_제2013현진호_어선_용성호_충돌사건,0.7744
좌초_어선_제105신광호_좌초사건,화재_제2017국제호_화재사건,0.774
좌초_어선_제11동일호_좌초사건,좌초_어선_제26남성호_좌초사건,0.7627
좌초_어선_제11동일호_좌초사건,충돌_일반화물선_일현정호&어선_제2008성해호_충돌사건,0.7627
인명사상_어선_제793금정호_선원실종사건,좌초_어선_제11동일호_좌초사건,0.7575
좌초_어선_제11동일호_좌초사건,충돌_어선_제7이성호-어선_골든_크라운_충돌사건,0.7455
전복_어선_제7074창진호_전복사건,좌초_어선_제156대화호_촤조사건,0.7394
인명사상_어선_제307영용호_선원사망사건,좌초_어선_제156대화호_촤조사건,0.7348
좌초_어선_제156대화호_촤조사건,좌초_어선_제66함성호_좌초사건,0.7153
좌초_어선_제156대화호_촤조사건,충돌_어선_제27화승호&어선_화경호_충돌사건,0.7155
기타_어선_제207성진호_침수사건,좌초_어선_제2019덕성호_좌초사건,0.7893
좌초_어선_제2019덕성호_좌초사건,좌초_어선_제66함성호_좌초사건,0.7934
좌초_어선_제2019덕성호_좌초사건,충돌_어선_제69해동호&산적화물선_오션레전드_충돌사건,0.7859
좌초_어선_제203남해호_좌초사건,충돌_어선_제27화승호&어선_화경호_충돌사건,0.7468
좌초_어선_제2019덕성호_좌초사건,좌초_어선_제203남해호_좌초사건,0.7543
전복_어선_제708만복호_전복사건,좌초_어선_제203남해호_좌초사건,0.7432
좌초_어선_제203남해호_좌초사건,좌초_어선_평은77호_좌초사건,0.7413
좌초_어선_제26남성호_좌초사건,충돌_어선_용성호·어선_범일호_충돌사건,0.7908
좌초_어선_제2019덕성호_좌초사건,좌초_어선_제26남성호_좌초사건,0.7833
좌초_어선_제26남성호_좌초사건,충돌_어선_제7이성호-어선_골든_크라운_충돌사건,0.7579
좌초_어선_제3금진호_좌초사건,충돌_어선_제3공선호.어선_제5준영호_충돌사건,0.7545
좌초_어선_제3금진호_좌초사건,"충돌_낚시어선_청광호,_낚시어선_플로렌스호_충돌사건",0.7594
인명사상_어선_장미2호_선원사망사건,좌초_어선_제3금진호_좌초사건,0.7482
좌초_어선_제3금진호_좌초사건,충돌_어선_삼운호.어선_제3일광호_충돌사건,0.7479
좌초_어선_제5해창호_좌초사건,충돌_어선_제211은진호.어선_제88부영호_충돌사건,0.7713
좌초_어선_제5해창호_좌초사건,충돌_어선_제76대창호.어선_제2대부호_충돌사건,0.8005
인명사상_어선_제307영용호_선원사망사건,좌초_어선_제66함성호_좌초사건,0.7907
좌초_어선_제66함성호_좌초사건,충돌_어선_제21남경호-어선_제3003덕일호_충돌사건,0.7549
좌초_어선_제83양진호_좌초사건,좌초_어선_지영호_좌초사건,0.7607
좌초_어선_제99동명호_좌초사건,좌초_어선_창원호_좌초사건,0.7095
좌초_어선_제99동명호_좌초사건,충돌_어선_9청진호.어선_제3천일호_충돌사건,0.7071
좌초_어선_제66함성호_좌초사건,좌초_어선_제99동명호_좌초사건,0.7156
좌초_어선_제99동명호_좌초사건,좌초_어선_평은77호_좌초사건,0.706
좌초_어선_지영호_좌초사건,좌초_어선_해영호_좌초사건,0.7771
인명사상_어선_제2고려호_선원실종사건,좌초_어선_지영호_좌초사건,0.7252
좌초_어선_창원호_좌초사건,좌초_어선_평은77호_좌초사건,0.8051
좌초_어선_창원호_좌초사건,충돌_어선_제69해동호&산적화물선_오션레전드_충돌사건,0.7824
좌초_어선_창원호_좌초사건,충돌_어선_윤정호.어선_영남호_충돌사건,0.7847
좌초_어선_제2019덕성호_좌초사건,좌초_어선_창원호_좌초사건,0.7701
좌초_어선_창원호_좌초사건,좌초_어선_해성호_좌초사건,0.7596
전복_어선_제2해신호_전복사건,좌초_어선_청룡호_좌초사건,0.7371
좌초_어선_청룡호_좌초사건,충돌_카페리화물선_미래15호.도선_죽도_해바라기호_충돌사건,0.7602
좌초_어선_청룡호_좌초사건,좌초_카페리여객선_섬사랑11호_좌초사건,0.7268
좌초_낚시어선_동우호_좌초사건,좌초_어선_청룡호_좌초사건,0.719
좌초_어선_서온호_좌초사건,좌초_어선_청운호_좌초사건,0.7503
좌초_어선_창원호_좌초사건,좌초_어선_청운호_좌초사건,0.7409
좌초_어선_제2019덕성호_좌초사건,좌초_어선_청운호_좌초사건,0.7385
좌초_모래운반선_505삼일호_좌초사건,좌초_어선_청운호_좌초사건,0.7289
인명사상_어선_장미2호_선원사망사건,좌초_어선_팔팔호_전복사건,0.7427
좌초_어선_팔팔호_전복사건,"충돌_낚시어선_레전드호,_어선_진양호_충돌사건",0.7355
좌초_어선_서온호_좌초사건,좌초_어선_팔팔호_전복사건,0.7357
좌초_어선_서온호_좌초사건,좌초_어선_평은77호_좌초사건,0.7784
좌초_어선_해성호_좌초사건,좌초_카페리여객선_섬사랑11호_좌초사건,0.795
좌초_어선_제2019덕성호_좌초사건,좌초_어선_해성호_좌초사건,0.7816
좌초_어선_서온호_좌초사건,좌초_어선_해성호_좌초사건,0.7783
기타_어선_제207성진호_침수사건,좌초_어선_해영호_좌초사건,0.7817
인명사상_어선_제101통영호_선원사상사건,좌초_어선_해영호_좌초사건,0.7586
좌초_여객선_북도고속페리호_좌초사건,좌초_여객선_북도고속페리호_좌초사건_1,0.8072
좌초_여객선_북도고속페리호_좌초사건,침몰_어선_유동호·어선_유동2호_침몰사건,0.7732
좌초_어선_해성호_좌초사건,좌초_여객선_북도고속페리호_좌초사건,0.7468
좌초_여객선_북도고속페리호_좌초사건_1,충돌_카페리여객선_오션_비스타_제주&해경함_3012함_충돌사건,0.786
접촉_예인선_303고려호의_피예인부선_5005영빈호_시아해등부표접촉사건,좌초_여객선_북도고속페리호_좌초사건_1,0.7594
좌초_예인선_202피닉스호_좌초사건,충돌_예인선_광진107호의_피예인부선_재성101호·카페리화물부선_동서6001호_충_75ddac1e,0.7195
인명사상_예인선_2002해영_선원사망사건,좌초_예인선_202피닉스호_좌초사건,0.7184
좌초_예인선_202피닉스호_좌초사건,충돌_예인선_101경원호의_피예인부선_동일502호·부선_해건9001호_충돌사건,0.7549
좌초_예인선_대인호_좌초사건,좌초_예인선_대인호_좌초사건_1,1.0
좌초_어선_해성호_좌초사건,좌초_예인선_대인호_좌초사건,0.7367
좌초_예인선_대인호_좌초사건,충돌_어선_삼운호.어선_제3일광호_충돌사건,0.7235
좌초_어선_방주호_좌초사건,좌초_예인선_대인호_좌초사건,0.7163
좌초_어선_해성호_좌초사건,좌초_예인선_대인호_좌초사건_1,0.7367
좌초_예인선_대인호_좌초사건_1,충돌_어선_삼운호.어선_제3일광호_충돌사건,0.7235
좌초_어선_방주호_좌초사건,좌초_예인선_대인호_좌초사건_1,0.7163
좌초_예인선_동명11호의_피예인부선_에스디2100호_좌초사건,충돌_어선_제2017대청호&어선_경덕호_충돌사건,0.7154
인명사상_예인선_용진_선원부상사건,좌초_예인선_동명11호의_피예인부선_에스디2100호_좌초사건,0.7419
좌초_예인선_동명11호의_피예인부선_에스디2100호_좌초사건,충돌_예인선_101경원호의_피예인부선_동일502호·부선_해건9001호_충돌사건,0.7117
좌초_예인선_동명11호의_피예인부선_에스디2100호_좌초사건,충돌_어선_제211은진호.어선_제88부영호_충돌사건,0.7096
좌초_여객선_북도고속페리호_좌초사건_1,좌초_예인선_성원3호_좌초사건,0.7254
인명사상_어선_제203대영호_선원부상사건,좌초_예인선_성원3호_좌초사건,0.7155
인명사상_예인선_재원3호_선원부상사건,좌초_예인선_성원3호_좌초사건,0.7063
좌초_어선_제2019덕성호_좌초사건,좌초_예인선_우국티5호의_피예인부선_금오7호_좌초사건,0.7524
접촉_예인선_대승105호의_피예인부선_대승2호_울돌목_조류발전소_접촉사건,좌초_예인선_우국티5호의_피예인부선_금오7호_좌초사건,0.7437
좌초_예인선_우국티5호의_피예인부선_금오7호_좌초사건,충돌_석유제품운반선_태양호_어선_제505한진호_충돌사건,0.7419
좌초_예인선_울산705호_좌초사건(약식),충돌_유류_및_액체화학품산적운반선_우진_켈리_석유제품운반선_골_055f93f7,0.7104
좌초_예인선_울산705호_좌초사건(약식),충돌_유조선_사핀스트렝스_방파제_접촉사건,0.6997
좌초_예인선_울산705호_좌초사건(약식),충돌_예인선_울산109호의_피예인부선_울산6003호·어선_1신창호_충돌사건,0.7149
좌초_예인선_울산705호_좌초사건(약식),"충돌_기타선_코롤2호,_일반화물선_엠엠러너_충돌사건",0.6885
인명사상_어선_제203대영호_선원부상사건,좌초_예인선_해건티1호의_피예인부선_해건9001호_좌초사건,0.7478
좌초_일반화물선_대호제주_좌초사건(약식),"충돌_어선_태종호,_어선_단경호_충돌사건",0.768
좌초_일반화물선_대호제주_좌초사건(약식),충돌_어선_보성호_어선_진성호_충돌사건,0.7675
좌초_일반화물선_대호제주_좌초사건(약식),충돌_어선_봉진호_·_어선_동영호_충돌사건,0.7585
좌초_시멘트운반선_한라1호_좌초사건,좌초_일반화물선_오성3호_좌초사건,0.7526
좌초_일반화물선_오성3호_좌초사건,충돌_어선_삼운호.어선_제3일광호_충돌사건,0.7507
좌초_어선_해성호_좌초사건,좌초_일반화물선_오성3호_좌초사건,0.7467
좌초_어선_21길성호_좌초사건,좌초_일반화물선_오성3호_좌초사건,0.7417
좌초_어선_정일호_좌초사건,좌초_준설선_조원G-13호_좌초사건,0.7228
좌초_여객선_북도고속페리호_좌초사건,좌초_준설선_조원G-13호_좌초사건,0.7162
좌초_어선_해성호_좌초사건,좌초_준설선_조원G-13호_좌초사건,0.7128
접촉_예인선_하준티-1호의_피예인부선_와이케이에스비-17_부두접촉사건,좌초_준설선_조원G-13호_좌초사건,0.7065
좌초_카페리여객선_섬사랑11호_좌초사건,침몰_어선_유동호·어선_유동2호_침몰사건,0.7765
좌초_카페리여객선_섬사랑11호_좌초사건,"충돌_급수선_대명11호,_어선_대진호_충돌사건",0.7764
좌초_카페리여객선_섬사랑6호_좌초사건,충돌_어선_광영호_좌초사건,0.7329
기관손상_카페리여객선_섬사랑6호_기관손상사건,좌초_카페리여객선_섬사랑6호_좌초사건,0.736
좌초_카페리여객선_섬사랑6호_좌초사건,충돌_컨테이너선_스카이챌린지_어선_제101성창호_충돌사건,0.734
좌초_카페리여객선_섬사랑6호_좌초사건,충돌_어선_제101형성호_일반화물선_트레져오션_충돌사건,0.728
좌초_컨테이너선_써니메이플호_좌초사건,충돌_예인선_301조양호의_피예인부선_건민17000호ㆍ어선_광해호_충돌사건,0.6891
접촉_컨테이너선_스카이_챌린지_방파제접촉사건,좌초_컨테이너선_써니메이플호_좌초사건,0.6745
좌초_컨테이너선_써니메이플호_좌초사건,충돌_어선_제76대창호.어선_제2대부호_충돌사건,0.6712
좌초_어선_제5해창호_좌초사건,좌초_컨테이너선_써니메이플호_좌초사건,0.668
좌초_모래운반선_505삼일호_좌초사건,좌초_통선_산막이1호_좌초사건,0.5526
좌초_낚시어선_돌핀호_좌초사건,좌초_통선_산막이1호_좌초사건,0.5423
좌초_통선_산막이1호_좌초사건,충돌_카페리여객선_한일골드스텔라호&일반화물선_제107대양호_충돌사건,0.5365
접촉_예인선_서진호의_피예인부선_광진6001호_울돌목_조류발전기지_접촉_446d4c6c,좌초_통선_산막이1호_좌초사건,0.5327
기관손상_카페리여객선_섬사랑6호_기관손상사건,추진축계손상_도선_여수경도골프앤리조트호_추진축계손상사건,0.7542
접촉_어선_제22대양호의_피예인어선_제201윤경호_울돌목_조류발전기지_접ᄎ_80e306e1,추진축계손상_도선_여수경도골프앤리조트호_추진축계손상사건,0.7275
추진축계손상_유선_새만금호_추친축계손상사건,충돌_카페리여객선_오션_비스타_제주&해경함_3012함_충돌사건,0.6966
접촉_여객선_샹쉐란_부두접촉사건,추진축계손상_유선_새만금호_추친축계손상사건,0.7076
접촉_카페리여객선_송림블루오션_부두접촉사건,추진축계손상_유선_새만금호_추친축계손상사건,0.7085
접촉_낚시어선_씨엔피대물2호_부두접촉사건,추진축계손상_유선_새만금호_추친축계손상사건,0.7152
추진축계손상_이접안용예선_대동11호_추진축계_손상사건,충돌_석유제품운반선_만수호_기타선_제1오복호_충돌사건,0.7552
추진축계손상_이접안용예선_대동11호_추진축계_손상사건,충돌_어선_제202경남호_어선_경민호_충돌사건,0.7679
좌초_어선_정일호_좌초사건,추진축계손상_이접안용예선_대동11호_추진축계_손상사건,0.7497
접촉_컨테이너선_스타_익스프레스_부두시설_접촉사건,추진축계손상_이접안용예선_대동11호_추진축계_손상사건,0.7475
충돌_군함_마라도함_원양어선_제718오룡호_충돌사건,충돌_컨테이너선_스카이챌린지_어선_제101성창호_충돌사건,0.7218
충돌_군함_마라도함_원양어선_제718오룡호_충돌사건,충돌_어선_청정호.어선_제3풍성호_충돌사건,0.7154
충돌_군함_마라도함_원양어선_제718오룡호_충돌사건,충돌_어선_제102일광호_일반화물선_헬렌_충돌사건,0.7301
충돌_군함_마라도함_원양어선_제718오룡호_충돌사건,충돌_어선_태곤호_어선_주영2호_충돌사건,0.7056
충돌_군함_박동진함&어선_제808서창호_충돌사건,충돌_어선_제211은진호.어선_제88부영호_충돌사건,0.6916
충돌_군함_박동진함&어선_제808서창호_충돌사건,"충돌_급수선_대명11호,_어선_대진호_충돌사건",0.687
기관손상_카페리여객선_섬사랑6호_기관손상사건,충돌_군함_박동진함&어선_제808서창호_충돌사건,0.6862
충돌_군함_박동진함&어선_제808서창호_충돌사건,충돌_어선_제76대창호.어선_제2대부호_충돌사건,0.6842
충돌_군함_서울함_도선선_태창6호_충돌사건,"충돌_어선_정원호,_어선_제109신광호_충돌사건",0.6843
충돌_군함_서울함_도선선_태창6호_충돌사건,충돌_예인선_울산109호의_피예인부선_울산6003호·어선_1신창호_충돌사건,0.6924
충돌_군함_서울함_도선선_태창6호_충돌사건,침몰_예인선_제66동원호_침몰사건,0.6813
충돌_군함_서울함_도선선_태창6호_충돌사건,충돌_어선_삼운호.어선_제3일광호_충돌사건,0.6804
"충돌_급수선_대명11호,_어선_대진호_충돌사건",충돌_낚시어선_화성호_낚시어선_뉴웨이브호_충돌사건,0.7508
충돌_기타선_두루미호_·_어선_제3만성호_충돌사건,충돌_어선_103매일호-산적화물선_만다린차이나_충돌사건,0.7386
충돌_기타선_두루미호_·_어선_제3만성호_충돌사건,침몰_예인선_제66동원호_침몰사건,0.7137
충돌_기타선_두루미호_·_어선_제3만성호_충돌사건,충돌_낚시어선_대복호_낚시어선_덕성호_충돌사건,0.7365
충돌_기타선_두루미호_·_어선_제3만성호_충돌사건,충돌_어선_제2013현진호_어선_용성호_충돌사건,0.7151
"충돌_기타선_코롤2호,_일반화물선_엠엠러너_충돌사건",충돌_유조선_사핀스트렝스_방파제_접촉사건,0.765
"충돌_기타선_코롤2호,_일반화물선_엠엠러너_충돌사건",충돌_어선_삼운호.어선_제3일광호_충돌사건,0.7458
"충돌_낚시어선_500형빈호,_모터보트_킹스마린호_충돌사건",충돌_석유제품운반선_태양호_어선_제505한진호_충돌사건,0.7979
"충돌_낚시어선_500형빈호,_모터보트_킹스마린호_충돌사건",충돌_어선_대복호.어선_아진호_충돌사건,0.7766
"충돌_낚시어선_500형빈호,_모터보트_킹스마린호_충돌사건",충돌_어선_제607명성호_일반화물선_트러윈드어코드_충돌사건,0.7666
접촉_예인선_삼양305호의_피예인항만건설작업용기중기부선_아주450호_거_3fa1ee7d,"충돌_낚시어선_금강호,_부선_창신2002호_충돌사건",0.7242
"충돌_낚시어선_금강호,_부선_창신2002호_충돌사건",충돌_어선_청일호.어선_동인1호_충돌사건,0.7073
좌초_어선_금화3호_좌초사건,"충돌_낚시어선_금강호,_부선_창신2002호_충돌사건",0.7028
"충돌_낚시어선_금강호,_부선_창신2002호_충돌사건",충돌_어선_삼양호.낚시어선_대진호_충돌사건,0.7016
충돌_낚시어선_금성피싱호&어선_수진호_충돌사건,충돌_낚시어선_명진2호_어선_상진호_충돌사건,0.7894
충돌_낚시어선_금성피싱호&어선_수진호_충돌사건,"충돌_어선_수영호,_낚시어선_참사랑호_충돌사건",0.7702
충돌_낚시어선_금성피싱호&어선_수진호_충돌사건,"충돌_낚시어선_청광호,_낚시어선_플로렌스호_충돌사건",0.767
충돌_낚시어선_금성피싱호&어선_수진호_충돌사건,충돌_어선_삼양호.낚시어선_대진호_충돌사건,0.7613
충돌_낚시어선_기림호·어선_성화호_충돌사건,충돌_어선_제69해동호&산적화물선_오션레전드_충돌사건,0.7518
충돌_낚시어선_기림호·어선_성화호_충돌사건,충돌_낚시어선_스마트2호.부선_제103백석호_충돌사건,0.7293
충돌_낚시어선_기림호·어선_성화호_충돌사건,충돌_어선_삼양호.낚시어선_대진호_충돌사건,0.7498
인명사상_예인선_용진_선원부상사건,충돌_낚시어선_기림호·어선_성화호_충돌사건,0.7115
"충돌_낚시어선_나라2호,_무등록선박_충돌사건",충돌_어선_대복호.어선_아진호_충돌사건,0.7736
"충돌_낚시어선_나라2호,_무등록선박_충돌사건",충돌_낚시어선_나라2호_무등록_선박_충돌사건,1.0
"충돌_낚시어선_나라2호,_무등록선박_충돌사건",충돌_낚시어선_화성호_낚시어선_뉴웨이브호_충돌사건,0.7525
좌초_어선_서온호_좌초사건,"충돌_낚시어선_나라2호,_무등록선박_충돌사건",0.7513
충돌_낚시어선_나라2호_무등록_선박_충돌사건,충돌_어선_대복호.어선_아진호_충돌사건,0.7736
좌초_어선_서온호_좌초사건,충돌_낚시어선_나라2호_무등록_선박_충돌사건,0.7513
충돌_낚시어선_나라2호_무등록_선박_충돌사건,충돌_낚시어선_화성호_낚시어선_뉴웨이브호_충돌사건,0.7525
"충돌_낚시어선_뉴청해호,_낚시어선_이프로1호_충돌사건",충돌_낚시어선_팀루비나호-고무보트_선명무_충돌사건,0.7524
"충돌_낚시어선_뉴청해호,_낚시어선_이프로1호_충돌사건","충돌_낚시어선_시온호,_어선_97흥성호_충돌사건",0.7451
"충돌_낚시어선_뉴청해호,_낚시어선_이프로1호_충돌사건",충돌_낚시어선_유빈호_모터보트_대양호_충돌사건,0.7406
충돌_낚시어선_뉴해랑호-고무보트_딱따구리2호_충돌사건,"충돌_낚시어선_마스터1호,_모터보트_청해호_충돌사건",0.6915
충돌_낚시어선_뉴해랑호-고무보트_딱따구리2호_충돌사건,"충돌_낚시어선_여수휴리호,_어선_진영호_충돌사건",0.6969
충돌_낚시어선_뉴해랑호-고무보트_딱따구리2호_충돌사건,충돌_낚시어선_아레스호·낚시어선_길성3호_충돌사건,0.6892
충돌_낚시어선_뉴해랑호-고무보트_딱따구리2호_충돌사건,"충돌_어선_제102동해호,_모터보트_청양호_충돌사건",0.6837
충돌_낚시어선_대복호_낚시어선_덕성호_충돌사건,"충돌_석유제품운반선_13대양,_어선_제207윤경호_충돌사건",0.6898
충돌_낚시어선_대복호_낚시어선_덕성호_충돌사건,충돌_어선_제2013현진호_어선_용성호_충돌사건,0.7248
충돌_낚시어선_대복호_낚시어선_덕성호_충돌사건,충돌_낚시어선_팀루비나호-고무보트_선명무_충돌사건,0.6911
"충돌_낚시어선_라온호,_낚시어선_대양1호_충돌사건",충돌_어선_글로벌호_어선_해양호_충돌사건,0.8045
"충돌_낚시어선_라온호,_낚시어선_대양1호_충돌사건",충돌_낚시어선_라온호_낚시어선_대양1호_충돌사건,0.8218
"충돌_낚시어선_라온호,_낚시어선_대양1호_충돌사건",충돌_어선_길양호·어선_해성호_충돌사건,0.7823
"충돌_낚시어선_라온호,_낚시어선_대양1호_충돌사건",충돌_어선_203원창호_어선_제3광림호_충돌사건,0.7805
충돌_낚시어선_라온호_낚시어선_대양1호_충돌사건,충돌_낚시어선_스텔라호_어선_동성호_충돌사건,0.7469
충돌_낚시어선_라온호_낚시어선_대양1호_충돌사건,충돌_어선_글로벌호_어선_해양호_충돌사건,0.7562
좌초_어선_서온호_좌초사건,"충돌_낚시어선_레전드호,_어선_진양호_충돌사건",0.7853
"충돌_낚시어선_레전드호,_어선_진양호_충돌사건","충돌_어선_제708우리호,_어선_제909민성호_충돌사건",0.7739
"충돌_낚시어선_레전드호,_어선_진양호_충돌사건","충돌_어선_대명호,_어선_제1승창호_충돌사건",0.771
"충돌_낚시어선_레전드호,_어선_진양호_충돌사건",충돌_어선_대복호.어선_아진호_충돌사건,0.7582
"충돌_낚시어선_마스터1호,_모터보트_청해호_충돌사건","충돌_낚시어선_시온호,_어선_97흥성호_충돌사건",0.7637
"충돌_낚시어선_마스터1호,_모터보트_청해호_충돌사건",충돌_어선_제27화승호&어선_화경호_충돌사건,0.7975
"충돌_낚시어선_마스터1호,_모터보트_청해호_충돌사건","충돌_어선_수영호,_낚시어선_참사랑호_충돌사건",0.766
"충돌_낚시어선_마스터1호,_모터보트_청해호_충돌사건","충돌_낚시어선_여수휴리호,_어선_진영호_충돌사건",0.7619
충돌_낚시어선_만물호·낚시어선_수덕호_충돌사건,"충돌_어선_수영호,_낚시어선_참사랑호_충돌사건",0.718
충돌_낚시어선_만물호·낚시어선_수덕호_충돌사건,"충돌_낚시어선_여수휴리호,_어선_진영호_충돌사건",0.7107
충돌_낚시어선_만물호·낚시어선_수덕호_충돌사건,"충돌_낚시어선_스피드호,_어선_풍정호_충돌사건",0.7045
충돌_낚시어선_만물호·낚시어선_수덕호_충돌사건,충돌_세일링요트_나바다호·낚시어선_수성호_충돌사건,0.704
충돌_낚시어선_명진2호_어선_상진호_충돌사건,"충돌_어선_세영7호,_낚시어선_팀슈프림호_충돌사건",0.7875
충돌_낚시어선_몬스터호&어선_정운호_충돌사건,충돌_어선_107성보호·어선_제113웅천호_등_2척_충돌사건,0.7557
충돌_낚시어선_몬스터호&어선_정운호_충돌사건,"충돌_어선_제902금성호,_일반화물선_순신_충돌사건",0.7547
충돌_낚시어선_몬스터호&어선_정운호_충돌사건,충돌_어선_제69해동호&산적화물선_오션레전드_충돌사건,0.7523
충돌_낚시어선_몬스터호&어선_정운호_충돌사건,충돌_어선_제211은진호.어선_제88부영호_충돌사건,0.7475
충돌_낚시어선_배짱호-낚시어선_챌린지피싱호_충돌사건,충돌_어선_107성보호·어선_제113웅천호_등_2척_충돌사건,0.6259
충돌_낚시어선_몬스터호&어선_정운호_충돌사건,충돌_낚시어선_배짱호-낚시어선_챌린지피싱호_충돌사건,0.6462
접촉_낚시어선_챔프호_신거제대교_교각접촉사건,충돌_낚시어선_배짱호-낚시어선_챌린지피싱호_충돌사건,0.6181
"충돌_급수선_대명11호,_어선_대진호_충돌사건",충돌_낚시어선_배짱호-낚시어선_챌린지피싱호_충돌사건,0.6173
충돌_낚시어선_베스트2호_어선_어양호_충돌사건,충돌_예인선_77신정호의_피예인부선_케이제이-3001호_낚시어선_은빛호_충돌ᄉ_6691206a,0.7564
충돌_낚시어선_베스트2호_어선_어양호_충돌사건,충돌_어선_제1원석호_어선_제7은수호_충돌사건,0.7559
충돌_낚시어선_베스트2호_어선_어양호_충돌사건,충돌_석유제품운반선_만수호_기타선_제1오복호_충돌사건,0.767
충돌_낚시어선_베스트2호_어선_어양호_충돌사건,"충돌_어선_대승1호,_어선_진선7호_충돌사건",0.7487
좌초_낚시어선_오션마스터호_좌초사건,"충돌_낚시어선_블랙이글호,_모터보트_성진호_충돌사건",0.7495
"충돌_낚시어선_블랙이글호,_모터보트_성진호_충돌사건",충돌_어선_성안호-모터보트_동해호_충돌사건,0.7391
"충돌_낚시어선_블랙이글호,_모터보트_성진호_충돌사건",충돌_어선_삼양호.낚시어선_대진호_충돌사건,0.7525
접촉_산적화물선_윌리엄_올덴도르프_부두접촉사건,충돌_낚시어선_스마트2호.부선_제103백석호_충돌사건,0.7429
충돌_낚시어선_스마트2호.부선_제103백석호_충돌사건,충돌_어선_진영2호·낚시어선_해상2호_충돌사건,0.7527
충돌_낚시어선_스마트2호.부선_제103백석호_충돌사건,"충돌_어선_제102동해호,_모터보트_청양호_충돌사건",0.742
충돌_낚시어선_스텔라호_어선_동성호_충돌사건,충돌_낚시어선_유빈호_모터보트_대양호_충돌사건,0.7673
충돌_낚시어선_스텔라호_어선_동성호_충돌사건,"충돌_낚시어선_여수휴리호,_어선_진영호_충돌사건",0.7555
충돌_낚시어선_스텔라호어선_동성호_충돌사건,충돌_어선_203원창호_어선_제3광림호_충돌사건,0.7654
충돌_낚시어선_스텔라호어선_동성호_충돌사건,충돌_일반화물선_광양7호_어선_해동호_충돌사건,0.7592
충돌_낚시어선_스텔라호어선_동성호_충돌사건,충돌_어선_삼운호.어선_제3일광호_충돌사건,0.7516
충돌_낚시어선_스텔라호어선_동성호_충돌사건,"충돌_어선_제708우리호,_어선_제909민성호_충돌사건",0.7511
"충돌_낚시어선_스피드호,_어선_풍정호_충돌사건",충돌_어선_제27화승호&어선_화경호_충돌사건,0.8083
"충돌_낚시어선_스피드호,_어선_풍정호_충돌사건","충돌_어선_세영7호,_낚시어선_팀슈프림호_충돌사건",0.7803
"충돌_낚시어선_스피드호,_어선_풍정호_충돌사건","충돌_낚시어선_여수휴리호,_어선_진영호_충돌사건",0.7617
"충돌_낚시어선_시온호,_어선_97흥성호_충돌사건",충돌_어선_제27화승호&어선_화경호_충돌사건,0.7761
"충돌_낚시어선_시온호,_어선_97흥성호_충돌사건","충돌_어선_세영7호,_낚시어선_팀슈프림호_충돌사건",0.7818
"충돌_낚시어선_시온호,_어선_97흥성호_충돌사건","충돌_어선_제111금성호,_어선_선우호_충돌사건",0.7653
"충돌_낚시어선_라온호,_낚시어선_대양1호_충돌사건",충돌_낚시어선_아레스호·낚시어선_길성3호_충돌사건,0.7636
충돌_낚시어선_아레스호·낚시어선_길성3호_충돌사건,충돌_어선_글로벌호_어선_해양호_충돌사건,0.7447
충돌_낚시어선_아레스호·낚시어선_길성3호_충돌사건,"충돌_어선_제53삼광호,_어선_동일호_충돌사건",0.7235
추진축계손상_이접안용예선_대동11호_추진축계_손상사건,충돌_낚시어선_아레스호·낚시어선_길성3호_충돌사건,0.7223
기타_어선_제207성진호_침수사건,"충돌_낚시어선_여수휴리호,_어선_진영호_충돌사건",0.7836
"충돌_낚시어선_여수휴리호,_어선_진영호_충돌사건",충돌_어선_제69해동호&산적화물선_오션레전드_충돌사건,0.7755
충돌_낚시어선_베스트2호_어선_어양호_충돌사건,충돌_낚시어선_오렌지호_낚시어선_포세이돈호_충돌사건,0.7408
충돌_낚시어선_오렌지호_낚시어선_포세이돈호_충돌사건,충돌_어선_제9창남호_어선_제638신양호_충돌사건,0.7405
"충돌_낚시어선_라온호,_낚시어선_대양1호_충돌사건",충돌_낚시어선_오렌지호_낚시어선_포세이돈호_충돌사건,0.7256
충돌_낚시어선_오렌지호_낚시어선_포세이돈호_충돌사건,충돌_어선_글로벌호_어선_해양호_충돌사건,0.7242
충돌_낚시어선_용진호·모터보트_빛나리독수리호_충돌사건(공개용),충돌_어선_203원창호_어선_제3광림호_충돌사건,0.7592
충돌_낚시어선_용진호·모터보트_빛나리독수리호_충돌사건(공개용),충돌_중앙해심_제2022-001호(낚시어선_금성피싱호.어선_수진호_충돌사건)_공_733ef807,0.7963
충돌_낚시어선_용진호·모터보트_빛나리독수리호_충돌사건(공개용),충돌_석유제품운반선_카리스_낚시어선_선경호_충돌사건,0.7822
충돌_낚시어선_용진호·모터보트_빛나리독수리호_충돌사건(공개용),충돌_어선_유정호-모터보트_우리호_충돌사건,0.7509
충돌_낚시어선_유빈호_모터보트_대양호_충돌사건,충돌_컨테이너선_스카이챌린지_어선_제101성창호_충돌사건,0.7583
충돌_낚시어선_유빈호_모터보트_대양호_충돌사건,충돌_중앙해심_제2022-001호(낚시어선_금성피싱호.어선_수진호_충돌사건)_공_733ef807,0.7577
"충돌_낚시어선_스피드호,_어선_풍정호_충돌사건",충돌_낚시어선_인성호_모터보트_윤진호_충돌사건,0.7594
충돌_낚시어선_인성호_모터보트_윤진호_충돌사건,충돌_어선_제27화승호&어선_화경호_충돌사건,0.7532
충돌_낚시어선_인성호_모터보트_윤진호_충돌사건,"충돌_어선_국한호,_어선_좋은호_충돌사건(약식)",0.7384
충돌_낚시어선_제1대영호_모터보트_여명호_충돌사건,충돌_어선_제103유성호_어선_제207만어호_충돌사건,0.7085
충돌_낚시어선_유빈호_모터보트_대양호_충돌사건,충돌_낚시어선_제1대영호_모터보트_여명호_충돌사건,0.6821
충돌_낚시어선_제1대영호_모터보트_여명호_충돌사건,충돌_카페리여객선_욕지영동골드고속호.낚시어선_제2비너스호_충돌사건,0.6714
인명사상_낚시어선_다원호_승객부상사건,충돌_낚시어선_제1대영호_모터보트_여명호_충돌사건,0.6668
좌초_낚시어선_제주사랑호_좌초사건,충돌_낚시어선_제우스호_어장관리선_용성호_충돌사건,0.7243
충돌_낚시어선_제우스호_어장관리선_용성호_충돌사건,충돌_카페리여객선_금오고속페리호&어선_신성호_충돌사건,0.7186
충돌_낚시어선_제우스호_어장관리선_용성호_충돌사건,"충돌_어선_제111금성호,_어선_선우호_충돌사건",0.7458
인명사상_어선_제307영용호_선원사망사건,충돌_낚시어선_제우스호_어장관리선_용성호_충돌사건,0.726
좌초_낚시어선_진스타호_좌초사건,"충돌_낚시어선_청광호,_낚시어선_플로렌스호_충돌사건",0.7711
"충돌_낚시어선_청광호,_낚시어선_플로렌스호_충돌사건",충돌_낚시어선_팀루비나호-고무보트_선명무_충돌사건,0.7707
"충돌_낚시어선_청광호,_낚시어선_플로렌스호_충돌사건",충돌_어선_윤정호.어선_영남호_충돌사건,0.7837
"충돌_낚시어선_라온호,_낚시어선_대양1호_충돌사건","충돌_낚시어선_킹몬스터호,_어선_행복호_충돌사건",0.757
"충돌_낚시어선_킹몬스터호,_어선_행복호_충돌사건",충돌_어선_제9창남호_어선_제638신양호_충돌사건,0.7388
"충돌_낚시어선_킹몬스터호,_어선_행복호_충돌사건",충돌_어선_유정호-모터보트_우리호_충돌사건,0.7308
"충돌_낚시어선_킹몬스터호,_어선_행복호_충돌사건",충돌_어선_대복호_어선_아진호_충돌사건,0.7207
좌초_어선_해성호_좌초사건,충돌_낚시어선_팀루비나호-고무보트_선명무_충돌사건,0.7546
충돌_낚시어선_파트너호ㆍ부선_금신에스비2005호_충돌사건,충돌_어선_부성호.어선_해성호_충돌사건,0.7521
좌초_어선_해성호_좌초사건,충돌_낚시어선_파트너호ㆍ부선_금신에스비2005호_충돌사건,0.7282
충돌_낚시어선_파트너호ㆍ부선_금신에스비2005호_충돌사건,충돌_어선_성안호-모터보트_동해호_충돌사건,0.7209
충돌_낚시어선_파트너호ㆍ부선_금신에스비2005호_충돌사건,충돌_어선_진영2호·낚시어선_해상2호_충돌사건,0.715
충돌_낚시어선_라온호_낚시어선_대양1호_충돌사건,충돌_낚시어선_하나호·어선_솔섬호_충돌사건,0.7242
좌초_낚시어선_돌핀호_좌초사건,충돌_낚시어선_하나호·어선_솔섬호_충돌사건,0.7116
"충돌_낚시어선_뉴청해호,_낚시어선_이프로1호_충돌사건",충돌_낚시어선_하나호·어선_솔섬호_충돌사건,0.7064
"충돌_낚시어선_현대호,_어선_풍차호_충돌사건","충돌_어선_제102동해호,_모터보트_청양호_충돌사건",0.7875
"충돌_낚시어선_현대호,_어선_풍차호_충돌사건","충돌_석유제품운반선_13대양,_어선_제207윤경호_충돌사건",0.7915
"충돌_낚시어선_현대호,_어선_풍차호_충돌사건","충돌_어선_은성호,_어선_이화호_충돌사건",0.7729
"충돌_낚시어선_현대호,_어선_풍차호_충돌사건","충돌_어선_2007연흥호,_냉동운반선_씽_유에_충돌사건",0.7665
"충돌_낚시어선_청광호,_낚시어선_플로렌스호_충돌사건",충돌_낚시어선_화성호_낚시어선_뉴웨이브호_충돌사건,0.764
충돌_낚시어선_화성호_낚시어선_뉴웨이브호_충돌사건,충돌_어선_212성지호&어선_용궁호_충돌사건,0.7604
충돌_낚시어선_화성호_낚시어선_뉴웨이브호_충돌사건,충돌_어선_삼양호.낚시어선_대진호_충돌사건,0.7563
"충돌_낚시어선_레전드호,_어선_진양호_충돌사건","충돌_낚시어선_희망호,_모터보트_몽돌바당_충돌사건",0.6949
"충돌_낚시어선_희망호,_모터보트_몽돌바당_충돌사건",충돌_어선_212성지호&어선_용궁호_충돌사건,0.6881
"충돌_낚시어선_희망호,_모터보트_몽돌바당_충돌사건","충돌_어선_수현호,_어선_제306한일호_충돌사건",0.7094
"충돌_낚시어선_희망호,_모터보트_몽돌바당_충돌사건","충돌_어선_제7청진호,_어선_포레나호_충돌사건",0.7076
충돌_도선선_포항파일럿2호.어선_일성호_충돌사건,침몰_어선_제1두두호_침몰사건,0.7031
충돌_도선선_포항파일럿2호.어선_일성호_충돌사건,충돌_석유제품운반선·12삼부호_어선_쌍둥이호_충돌사건,0.689
충돌_도선선_포항파일럿2호.어선_일성호_충돌사건,충돌_예인선_울산109호의_피예인부선_울산6003호·어선_1신창호_충돌사건,0.6883
충돌_도선선_포항파일럿2호.어선_일성호_충돌사건,화재_예인선_서진호_화재사건,0.6881
좌초_예인선_202피닉스호_좌초사건,"충돌_모래채취운반선_오션리프호,_일체형압항선_원진7호의_압항부선_ᄋ_787b3be3",0.7005
좌초_산적화물선_케이씨_하동_좌초사건,"충돌_모래채취운반선_오션리프호,_일체형압항선_원진7호의_압항부선_ᄋ_787b3be3",0.6648
"충돌_모래채취운반선_오션리프호,_일체형압항선_원진7호의_압항부선_ᄋ_787b3be3",충돌_어선_103매일호-산적화물선_만다린차이나_충돌사건,0.6678
"충돌_모래채취운반선_오션리프호,_일체형압항선_원진7호의_압항부선_ᄋ_787b3be3","충돌_어선_정원호,_어선_제109신광호_충돌사건",0.651
충돌_석유제품운반선_12삼부호_어선_제8세진호_충돌사건,충돌_예인선_울산109호의_피예인부선_울산6003호·어선_1신창호_충돌사건,0.7416
좌초_어선_제105신광호_좌초사건,충돌_석유제품운반선_12삼부호_어선_제8세진호_충돌사건,0.7248
충돌_석유제품운반선_12삼부호_어선_제8세진호_충돌사건,충돌_시멘트운반선_수성에이스호_어선_1신창호_충돌사건,0.7207
충돌_석유제품운반선_12삼부호_어선_제8세진호_충돌사건,충돌_어선_제2013현진호_어선_용성호_충돌사건,0.7102
"충돌_석유제품운반선_13대양,_어선_제207윤경호_충돌사건",충돌_어선_103매일호-산적화물선_만다린차이나_충돌사건,0.7859
"충돌_석유제품운반선_13대양,_어선_제207윤경호_충돌사건","충돌_어선_제902금성호,_일반화물선_순신_충돌사건",0.7713
"충돌_석유제품운반선_13대양,_어선_제207윤경호_충돌사건",화재_어선_제509유일호_화재사건,0.7754
충돌_석유제품운반선_동명에이스호_어선_99흥원호_충돌사건,충돌_시멘트운반선_수성에이스호_어선_1신창호_충돌사건,0.7348
충돌_석유제품운반선_동명에이스호_어선_99흥원호_충돌사건,충돌_예인선_울산109호의_피예인부선_울산6003호·어선_1신창호_충돌사건,0.7095
충돌_석유제품운반선_동명에이스호_어선_99흥원호_충돌사건,충돌_어선_제5대광호_어선_제209광진호_충돌사건,0.7069
충돌_석유제품운반선_동명에이스호_어선_99흥원호_충돌사건,"충돌_어선_제3대광호,_어선_영창호_충돌사건",0.6981
"충돌_기타선_코롤2호,_일반화물선_엠엠러너_충돌사건",충돌_석유제품운반선_디엘_제이드·예인선_돌핀2호_충돌사건,0.6921
충돌_석유제품운반선_디엘_제이드·예인선_돌핀2호_충돌사건,충돌_카페리여객선_코리아익스프레스카훼리호카페리여객선_대부고속페리3호__d584002c,0.692
접촉_예인선_하준티-1호의_피예인부선_와이케이에스비-17_부두접촉사건,충돌_석유제품운반선_디엘_제이드·예인선_돌핀2호_충돌사건,0.6903
충돌_석유제품운반선_디엘_제이드·예인선_돌핀2호_충돌사건,"충돌_어선_제2영성호,_어선_성진호_등_3척_충돌사건",0.6712
충돌_석유제품운반선_만수호_기타선_제1오복호_충돌사건,충돌_어선_제9창남호_어선_제638신양호_충돌사건,0.7835
충돌_석유제품운반선_만수호_기타선_제1오복호_충돌사건,충돌_어선_제1원석호_어선_제7은수호_충돌사건,0.7676
충돌_석유제품운반선_만수호_기타선_제1오복호_충돌사건,충돌_예인선_77신정호의_피예인부선_케이제이-3001호_낚시어선_은빛호_충돌ᄉ_6691206a,0.775
충돌_석유제품운반선_목림부산_예인선_금오티3호의_피예인부선_금오7001_7d4518fb,충돌_예인선_제305해송호&피예인부선_디씨지1호_충돌사건,0.6788
충돌_석유제품운반선_목림부산_예인선_금오티3호의_피예인부선_금오7001_7d4518fb,충돌_카페리화물선_미래15호.도선_죽도_해바라기호_충돌사건,0.7067
충돌_석유제품운반선_목림부산_예인선_금오티3호의_피예인부선_금오7001_7d4518fb,충돌_컨테이너운반선_요코하마_트레이더_예인선_901조양의_피예인부선_세방2_d0606463,0.69
충돌_석유제품운반선_목림부산_예인선_금오티3호의_피예인부선_금오7001_7d4518fb,"충돌_어선_제307풍성호,_컨테이너운반선_에스아이티씨_얀타이_충돌사건",0.6668
충돌_석유제품운반선_성진에이스호·_석유제품운반선_제96동방호_충ᄃ_3933e6e4,충돌_어선_영주호ㆍ어선_일진2호_충돌사건,0.772
접촉_컨테이너선_스타_익스프레스_부두시설_접촉사건,충돌_석유제품운반선_성진에이스호·_석유제품운반선_제96동방호_충ᄃ_3933e6e4,0.7601
충돌_석유제품운반선_성진에이스호·_석유제품운반선_제96동방호_충ᄃ_3933e6e4,충돌_석유제품운반선·12삼부호_어선_쌍둥이호_충돌사건,0.7404
충돌_석유제품운반선_성진에이스호·_석유제품운반선_제96동방호_충ᄃ_3933e6e4,충돌_예인선_77신정호의_피예인부선_케이제이-3001호_낚시어선_은빛호_충돌ᄉ_6691206a,0.7373
"충돌_석유제품운반선_13대양,_어선_제207윤경호_충돌사건",충돌_석유제품운반선_신성호_어선_제17만구호_충돌사건,0.7456
충돌_석유제품운반선_신성호_어선_제17만구호_충돌사건,충돌_일반화물선_제니스_로얄호-어선_제27한일호_충돌사건,0.7451
충돌_석유제품운반선_신성호_어선_제17만구호_충돌사건,"충돌_어선_2007연흥호,_냉동운반선_씽_유에_충돌사건",0.739
충돌_석유제품운반선_신성호_어선_제17만구호_충돌사건,충돌_어선_제211은진호.어선_제88부영호_충돌사건,0.7386
충돌_석유제품운반선_에이원·급수선_삼양201호_충돌사건,충돌_어선_찬영호.어선_의지3호_충돌사건,0.7406
충돌_석유제품운반선_에이원·급수선_삼양201호_충돌사건,충돌_어선_제2017대청호&어선_경덕호_충돌사건,0.7397
충돌_석유제품운반선_에이원·급수선_삼양201호_충돌사건,충돌_유조선_사핀스트렝스_방파제_접촉사건,0.7143
충돌_석유제품운반선_에이원·급수선_삼양201호_충돌사건,"충돌_청항선_포항해양3호,_어선_해동호_충돌사건",0.7086
충돌_석유제품운반선_에이치와이_부산_어선_제319용천호_충돌사건,해양오염_카페리선_씨월드_마린_해양오염사건,0.709
충돌_석유제품운반선_에이치와이_부산_어선_제319용천호_충돌사건,해양오염_어선_제155희영호_해양오염사건,0.6906
충돌_석유제품운반선_에이치와이_부산_어선_제319용천호_충돌사건,해양오염_석유제품운반선_아성호_해양오염사건,0.6893
충돌_석유제품운반선_에이치와이_부산_어선_제319용천호_충돌사건,충돌_유조선_사핀스트렝스_방파제_접촉사건,0.6807
충돌_석유제품운반선_유성·석유제품운반선_부광1호_충돌사건,충돌_석유제품운반선_유성호_낚시어선_매니아1호_충돌사건,0.6767
충돌_석유제품운반선_유성·석유제품운반선_부광1호_충돌사건,충돌_석유제품운반선_제3남성호&어선_대왕호_충돌사건,0.651
충돌_석유제품운반선_유성·석유제품운반선_부광1호_충돌사건,"충돌_어선_제1구진호,_유류_및_액체화학품_산적운반선_에코_조슈아_파크_추_77c7cce8",0.6523
충돌_석유제품운반선_유성·석유제품운반선_부광1호_충돌사건,충돌_예인선_울산109호의_피예인부선_울산6003호·어선_1신창호_충돌사건,0.6637
충돌_석유제품운반선_유성호_낚시어선_매니아1호_충돌사건,충돌_어선_제1구진호_액화석유가스운반선_위닝로드_충돌사건,0.7754
충돌_석유제품운반선_유성호_낚시어선_매니아1호_충돌사건,충돌_유조선_1거성_예인선_303일신호의_피예인_지질조사용_구조물_충돌사건,0.7455
충돌_석유제품운반선_유성호_낚시어선_매니아1호_충돌사건,충돌_컨테이너선_스카이챌린지_어선_제101성창호_충돌사건,0.7502
충돌_석유제품운반선_유성호_낚시어선_매니아1호_충돌사건,침몰_어선_유동호·어선_유동2호_침몰사건,0.7442
충돌_석유제품운반선_제3남성호&어선_대왕호_충돌사건,충돌_석유제품운반선_제3남성호_어선_대왕호_충돌사건,0.7663
충돌_석유제품운반선_제3남성호&어선_대왕호_충돌사건,충돌_어선_제69해동호&산적화물선_오션레전드_충돌사건,0.7364
충돌_석유제품운반선_제3남성호&어선_대왕호_충돌사건,충돌_어선_삼양호.낚시어선_대진호_충돌사건,0.7324
충돌_석유제품운반선_제3남성호&어선_대왕호_충돌사건,충돌_유류_및_액체화학품산적운반선_케이티에스_그린호-어선_제322광덕ᄒ_08035755,0.7305
"충돌_기타선_코롤2호,_일반화물선_엠엠러너_충돌사건",충돌_석유제품운반선_제3남성호_어선_대왕호_충돌사건,0.7339
충돌_석유제품운반선_제3남성호_어선_대왕호_충돌사건,충돌_일반화물선_대호제주ㆍ어선_한연호_충돌사건,0.7272
충돌_석유제품운반선_신성호_어선_제17만구호_충돌사건,충돌_석유제품운반선_제3남성호_어선_대왕호_충돌사건,0.7179
좌초_어선_동광호_좌초사건,충돌_석유제품운반선_제7보광호-어선_대영호_충돌사건,0.7374
좌초_어선_서온호_좌초사건,충돌_석유제품운반선_제7보광호-어선_대영호_충돌사건,0.732
충돌_석유제품운반선_제7보광호-어선_대영호_충돌사건,충돌_카페리여객선_태평양_3호-어선_제2입성호_충돌사건,0.7424
"충돌_낚시어선_여수휴리호,_어선_진영호_충돌사건",충돌_석유제품운반선_제7보광호-어선_대영호_충돌사건,0.728
충돌_석유제품운반선_카리스_낚시어선_선경호_충돌사건,충돌_어선_길양호·어선_해성호_충돌사건,0.7913
충돌_석유제품운반선_카리스_낚시어선_선경호_충돌사건,충돌_중앙해심_제2022-001호(낚시어선_금성피싱호.어선_수진호_충돌사건)_공_733ef807,0.7775
충돌_석유제품운반선_카리스_낚시어선_선경호_충돌사건,충돌_유선_충무공거북선_낚시어선_올레호_충돌사건,0.7674
충돌_석유제품운반선_태양호_어선_제505한진호_충돌사건,충돌_화물선_헤세드호.어선_길영호_충돌사건,0.8107
충돌_석유제품운반선_태양호_어선_제505한진호_충돌사건,충돌_어선_제5정민호_어선_제710태양호_충돌사건,0.7801
충돌_석유제품운반선_태양호_어선_제505한진호_충돌사건,"충돌_청항선_포항해양3호,_어선_해동호_충돌사건",0.7796
"충돌_석유제품운반선_피브이티_넵튠,_석유제품운반선_글로리윈드_충_5823239d",충돌_원양어선_제38한성호_석유제품운반선_대운호_충돌사건,0.6677
"충돌_석유제품운반선_피브이티_넵튠,_석유제품운반선_글로리윈드_충_5823239d",충돌_카페리여객선_코리아익스프레스카훼리호카페리여객선_대부고속페리3호__d584002c,0.716
"충돌_석유제품운반선_피브이티_넵튠,_석유제품운반선_글로리윈드_충_5823239d",충돌_어선_춘심_·_모터보트_글로리_충돌사건,0.6615
접촉_낚시어선_준성호_해상펜션구조물_접촉사건,"충돌_석유제품운반선_피브이티_넵튠,_석유제품운반선_글로리윈드_충_5823239d",0.6423
충돌_석유제품운반선·12삼부호_어선_쌍둥이호_충돌사건,충돌_일반화물선_광양7호_어선_해동호_충돌사건,0.7771
충돌_석유제품운반선·12삼부호_어선_쌍둥이호_충돌사건,충돌_어선_영주호ㆍ어선_일진2호_충돌사건,0.8019
충돌_석유제품운반선·12삼부호_어선_쌍둥이호_충돌사건,충돌_어선_제607명성호_일반화물선_트러윈드어코드_충돌사건,0.7541
충돌_세일링요트_나바다호_낚시어선_수성호_충돌사건,"충돌_어선_제102동해호,_모터보트_청양호_충돌사건",0.7091
충돌_낚시어선_라온호_낚시어선_대양1호_충돌사건,충돌_세일링요트_나바다호_낚시어선_수성호_충돌사건,0.705
충돌_세일링요트_나바다호_낚시어선_수성호_충돌사건,충돌_어선_흥성호_어선_태성호_충돌사건,0.7213
충돌_세일링요트_나바다호_낚시어선_수성호_충돌사건,충돌_세일링요트_나바다호·낚시어선_수성호_충돌사건,0.7372
충돌_세일링요트_나바다호·낚시어선_수성호_충돌사건,충돌_어선_도진호_어선_진성호_충돌사건,0.744
충돌_세일링요트_나바다호·낚시어선_수성호_충돌사건,충돌_어선_성안호-모터보트_동해호_충돌사건,0.7524
충돌_세일링요트_나바다호·낚시어선_수성호_충돌사건,충돌_시멘트운반선_수성에이스호_어선_1신창호_충돌사건,0.7239
인명사상_어선_제21남경호_부유물감김사건으로_인한_선원사망사건,충돌_세일링요트_니모호_전복사건,0.7523
전복_어선_제7074창진호_전복사건,충돌_세일링요트_니모호_전복사건,0.7375
기타_어선_제207성진호_침수사건,충돌_세일링요트_니모호_전복사건,0.7327
"충돌_시멘트운반선_근양호,_어선_제2003성재호_충돌사건",충돌_어선_삼양호.낚시어선_대진호_충돌사건,0.7172
"충돌_시멘트운반선_근양호,_어선_제2003성재호_충돌사건",충돌_어선_부성호.어선_해성호_충돌사건,0.7074
좌초_어선_제5해창호_좌초사건,"충돌_시멘트운반선_근양호,_어선_제2003성재호_충돌사건",0.6938
충돌_낚시어선_금성피싱호&어선_수진호_충돌사건,"충돌_시멘트운반선_근양호,_어선_제2003성재호_충돌사건",0.6899
"충돌_낚시어선_500형빈호,_모터보트_킹스마린호_충돌사건",충돌_시멘트운반선_수성에이스호_어선_1신창호_충돌사건,0.7609
충돌_시멘트운반선_수성에이스호_어선_1신창호_충돌사건,충돌_어선_대일호ㆍ산적화물선_이제이_오션_충돌사건,0.7561
충돌_시멘트운반선_수성에이스호_어선_1신창호_충돌사건,충돌_예인선_울산109호의_피예인부선_울산6003호·어선_1신창호_충돌사건,0.7567
"충돌_낚시어선_여수휴리호,_어선_진영호_충돌사건",충돌_시멘트운반선_수성에이스호_어선_1신창호_충돌사건,0.7434
충돌_석유제품운반선_제3남성호&어선_대왕호_충돌사건,충돌_액화석유가스운반선_가스_유토피아_어선_샴시_충돌사건,0.6105
충돌_액화석유가스운반선_가스_유토피아_어선_샴시_충돌사건,충돌_어선_제5삼영호_낚시어선_동해호_충돌사건,0.6202
접촉_산적화물선_플레차_부두접촉사건(공개용_재결서),충돌_액화석유가스운반선_가스_유토피아_어선_샴시_충돌사건,0.6027
충돌_액화석유가스운반선_가스_유토피아_어선_샴시_충돌사건,"충돌_어선_제1구진호,_유류_및_액체화학품_산적운반선_에코_조슈아_파크_추_77c7cce8",0.5996
충돌_액화석유가스운반선_제9에스제이가스_케미칼운반선_케이티에스블루_89fde571,충돌_어선_제2017대청호&어선_경덕호_충돌사건,0.7009
인명사상_예인선_제3001광진호_선원사망사건,충돌_액화석유가스운반선_제9에스제이가스_케미칼운반선_케이티에스블루_89fde571,0.7066
충돌_액화석유가스운반선_제9에스제이가스_케미칼운반선_케이티에스블루_89fde571,해양오염_석유제품운반선_미션_해양오염사건,0.7211
전복_공사작업용부선_동방2005호_전복사건,충돌_액화석유가스운반선_제9에스제이가스_케미칼운반선_케이티에스블루_89fde571,0.6982
충돌_어선_103매일호-산적화물선_만다린차이나_충돌사건,"충돌_어선_윤성호,_산적화물선_제이씨_루비_충돌사건",0.7926
충돌_어선_103매일호-산적화물선_만다린차이나_충돌사건,"충돌_어선_제902금성호,_일반화물선_순신_충돌사건",0.8223
충돌_어선_103매일호-산적화물선_만다린차이나_충돌사건,충돌_어선_제153혜승호_일반화물선_헹유_충돌사건,0.7874
충돌_어선_107성보호·어선_제113웅천호_등_2척_충돌사건,충돌_어선_제211은진호.어선_제88부영호_충돌사건,0.7729
충돌_어선_107성보호·어선_제113웅천호_등_2척_충돌사건,충돌_어선_제69해동호&산적화물선_오션레전드_충돌사건,0.7581
충돌_어선_103매일호-산적화물선_만다린차이나_충돌사건,충돌_어선_107성보호·어선_제113웅천호_등_2척_충돌사건,0.7481
충돌_어선_1만복호&어선_금산호_충돌사건,충돌_어선_제2019하람호-어선_수광호_충돌사건,0.7562
좌초_어선_303우진호_좌초사건,충돌_어선_1만복호&어선_금산호_충돌사건,0.7229
좌초_어선_2020안성호_좌초사건,충돌_어선_1만복호&어선_금산호_충돌사건,0.7211
좌초_어선_21길성호_좌초사건,충돌_어선_1만복호&어선_금산호_충돌사건,0.7177
"충돌_어선_2007연흥호,_냉동운반선_씽_유에_충돌사건","충돌_어선_제111금성호,_어선_선우호_충돌사건",0.7726
"충돌_어선_2007연흥호,_냉동운반선_씽_유에_충돌사건","충돌_어선_제902금성호,_일반화물선_순신_충돌사건",0.8225
"충돌_어선_2007연흥호,_냉동운반선_씽_유에_충돌사건","충돌_어선_제102동해호,_모터보트_청양호_충돌사건",0.7736
인명사상_어선_제3명신호_선원사망사건,충돌_어선_203원창호.어선_제3광림호_충돌사건,0.7228
충돌_어선_203원창호.어선_제3광림호_충돌사건,충돌_어선_제76대창호.어선_제2대부호_충돌사건,0.7183
충돌_어선_203원창호.어선_제3광림호_충돌사건,충돌_어선_대복호.어선_아진호_충돌사건,0.7123
충돌_어선_203원창호.어선_제3광림호_충돌사건,충돌_어선_제133삼화호.어선_제303진영호_충돌사건,0.7014
충돌_어선_203원창호_어선_제3광림호_충돌사건,"충돌_어선_제708우리호,_어선_제909민성호_충돌사건",0.8112
충돌_어선_203원창호_어선_제3광림호_충돌사건,충돌_어선_삼운호.어선_제3일광호_충돌사건,0.7998
충돌_어선_203원창호_어선_제3광림호_충돌사건,충돌_일반화물선_포세이돈_어선_형통호_충돌사건,0.7828
충돌_어선_212성지호&어선_용궁호_충돌사건,충돌_어선_제69해동호&산적화물선_오션레전드_충돌사건,0.7676
인명사상_어선_제307영용호_선원사망사건,충돌_어선_212성지호&어선_용궁호_충돌사건,0.771
기타_어선_제207성진호_침수사건,충돌_어선_212성지호&어선_용궁호_충돌사건,0.7616
충돌_어선_2하나호.어선_지영호_충돌사건,침몰_어선_제1두두호_침몰사건,0.6778
충돌_어선_2하나호.어선_지영호_충돌사건,화재_어선_태양호_화재사건,0.6664
충돌_어선_2하나호.어선_지영호_충돌사건,침몰_예인선_제2종영호_침몰사건,0.7195
좌초_어선_경인3호_좌초사건,충돌_어선_2하나호.어선_지영호_충돌사건,0.6971
"충돌_어선_300형빈호,_어선_동백호_충돌사건",충돌_어선_제5정민호_어선_제710태양호_충돌사건,0.7007
"충돌_어선_300형빈호,_어선_동백호_충돌사건",충돌_어선_부영호.어선_복지호_충돌사건,0.7059
"충돌_어선_300형빈호,_어선_동백호_충돌사건",충돌_어선_제69해동호&산적화물선_오션레전드_충돌사건,0.708
"충돌_어선_300형빈호,_어선_동백호_충돌사건","충돌_어선_국한호,_어선_좋은호_충돌사건(약식)",0.6818
충돌_어선_77예은호·어선_제9유진호_충돌사건,충돌_어선_제211은진호.어선_제88부영호_충돌사건,0.7337
충돌_어선_77예은호·어선_제9유진호_충돌사건,충돌_어선_제9창남호_어선_제638신양호_충돌사건,0.7419
충돌_어선_77예은호·어선_제9유진호_충돌사건,충돌_어선_제69해동호&산적화물선_오션레전드_충돌사건,0.7654
충돌_어선_103매일호-산적화물선_만다린차이나_충돌사건,충돌_어선_77예은호·어선_제9유진호_충돌사건,0.7353
기타_어선_제207성진호_침수사건,충돌_어선_9청진호.어선_제3천일호_충돌사건,0.7767
충돌_어선_9청진호.어선_제3천일호_충돌사건,충돌_어선_제211은진호.어선_제88부영호_충돌사건,0.7697
인명사상_어선_제101통영호_선원사상사건,충돌_어선_9청진호.어선_제3천일호_충돌사건,0.7667
충돌_어선_강동호·예인선_샤흐트요르스크6_충돌사건,충돌_어선_삼운호.어선_제3일광호_충돌사건,0.6632
충돌_어선_강동호·예인선_샤흐트요르스크6_충돌사건,충돌_어선_제607명성호_일반화물선_트러윈드어코드_충돌사건,0.6808
접촉_예인선_삼양305호의_피예인항만건설작업용기중기부선_아주450호_거_3fa1ee7d,충돌_어선_강동호·예인선_샤흐트요르스크6_충돌사건,0.6603
접촉_예인선_153강성호5호_양식장_접촉사건,충돌_어선_강동호·예인선_샤흐트요르스크6_충돌사건,0.656
충돌_어선_건영호&어선_아시아호_충돌사건,충돌_어선_제211은진호.어선_제88부영호_충돌사건,0.7025
인명사상_어선_제105대진호_선원사망사건,충돌_어선_건영호&어선_아시아호_충돌사건,0.7288
충돌_어선_건영호&어선_아시아호_충돌사건,충돌_카페리여객선_금오고속페리호&어선_신성호_충돌사건,0.6906
인명사상_어선_제101통영호_선원사상사건,충돌_어선_건영호&어선_아시아호_충돌사건,0.6795
기관손상_카페리여객선_섬사랑6호_기관손상사건,"충돌_어선_경덕호,_모터보트_봄봄_충돌사건",0.7347
인명사상_예인선_용진_선원부상사건,"충돌_어선_경덕호,_모터보트_봄봄_충돌사건",0.7326
좌초_어선_서온호_좌초사건,"충돌_어선_경덕호,_모터보트_봄봄_충돌사건",0.7408
"충돌_낚시어선_현대호,_어선_풍차호_충돌사건","충돌_어선_경덕호,_모터보트_봄봄_충돌사건",0.7306
"충돌_어선_광덕호,_어선_제2황금호_충돌사건",충돌_어선_진영2호·낚시어선_해상2호_충돌사건,0.7177
충돌_낚시어선_나라2호_무등록_선박_충돌사건,"충돌_어선_광덕호,_어선_제2황금호_충돌사건",0.694
"충돌_낚시어선_나라2호,_무등록선박_충돌사건","충돌_어선_광덕호,_어선_제2황금호_충돌사건",0.694
"충돌_어선_광덕호,_어선_제2황금호_충돌사건",충돌_일반화물선_제니스_로얄호-어선_제27한일호_충돌사건,0.7002
충돌_낚시어선_용진호·모터보트_빛나리독수리호_충돌사건(공개용),"충돌_어선_광영호,_낚시어선_온누리호_충돌사건",0.7464
"충돌_어선_광영호,_낚시어선_온누리호_충돌사건",충돌_중앙해심_제2022-001호(낚시어선_금성피싱호.어선_수진호_충돌사건)_공_733ef807,0.693
"충돌_어선_광영호,_낚시어선_온누리호_충돌사건",충돌_어선_영신호_모터보트_바다여행_충돌사건,0.6846
"충돌_어선_광영호,_낚시어선_온누리호_충돌사건",충돌_일반화물선_포세이돈_어선_형통호_충돌사건,0.682
좌초_낚시어선_진스타호_좌초사건,충돌_어선_광영호_좌초사건,0.773
충돌_어선_광영호_좌초사건,충돌_어선_제69해동호&산적화물선_오션레전드_충돌사건,0.7683
"충돌_어선_광정8호,_어선_광정88호_충돌사건","충돌_어선_일성호,_어선_복성2호_충돌사건",0.7493
좌초_어선_제2019덕성호_좌초사건,"충돌_어선_광정8호,_어선_광정88호_충돌사건",0.7534
인명사상_어선_광정15호_선원사망사건,"충돌_어선_광정8호,_어선_광정88호_충돌사건",0.7319
인명사상_어선_한별호_선원사망사건,"충돌_어선_광정8호,_어선_광정88호_충돌사건",0.728
"충돌_어선_국한호,_어선_좋은호_충돌사건(약식)","충돌_어선_대명호,_어선_제1승창호_충돌사건",0.7783
"충돌_어선_국한호,_어선_좋은호_충돌사건(약식)","충돌_어선_제3대광호,_어선_영창호_충돌사건",0.7528
충돌_어선_9청진호.어선_제3천일호_충돌사건,"충돌_어선_국한호,_어선_좋은호_충돌사건(약식)",0.7468
인명사상_어선_바다2호_선원사망사건,"충돌_어선_국한호,_어선_좋은호_충돌사건(약식)",0.7412
좌초_낚시어선_돌핀호_좌초사건,충돌_어선_글로벌호_어선_해양호_충돌사건,0.7563
충돌_어선_글로벌호_어선_해양호_충돌사건,"충돌_어선_제708우리호,_어선_제909민성호_충돌사건",0.7596
충돌_어선_금천호.어선_한나루호_충돌사건,충돌_어선_삼운호.어선_제3일광호_충돌사건,0.7643
충돌_어선_금천호.어선_한나루호_충돌사건,"충돌_어선_제708우리호,_어선_제909민성호_충돌사건",0.7825
충돌_어선_금천호.어선_한나루호_충돌사건,충돌_어선_삼양호.낚시어선_대진호_충돌사건,0.7594
충돌_어선_금천호.어선_한나루호_충돌사건,충돌_어선_제211은진호.어선_제88부영호_충돌사건,0.7418
충돌_어선_길양호·어선_해성호_충돌사건,충돌_어선_봉진호_·_어선_동영호_충돌사건,0.7883
충돌_어선_길양호·어선_해성호_충돌사건,충돌_어선_제202경남호_어선_경민호_충돌사건,0.7679
"충돌_어선_뉴만중호,_예인선_강남티-27호의_피예인부선_강남5009호_충돌사건",충돌_어선_제1구진호_액화석유가스운반선_위닝로드_충돌사건,0.7614
"충돌_어선_뉴만중호,_예인선_강남티-27호의_피예인부선_강남5009호_충돌사건",충돌_컨테이너선_스카이챌린지_어선_제101성창호_충돌사건,0.7472
"충돌_어선_뉴만중호,_예인선_강남티-27호의_피예인부선_강남5009호_충돌사건",충돌_어선_제607명성호_일반화물선_트러윈드어코드_충돌사건,0.7426
좌초_어선_2020안성호_좌초사건,"충돌_어선_뉴만중호,_예인선_강남티-27호의_피예인부선_강남5009호_충돌사건",0.737
충돌_어선_다온호.산적화물선_버러티_충돌사건,충돌_어선_제76대창호.어선_제2대부호_충돌사건,0.7612
충돌_어선_다온호.산적화물선_버러티_충돌사건,해양오염_어선_제123대양호_해양오염사건,0.7415
충돌_어선_다온호.산적화물선_버러티_충돌사건,해양오염_일반화물선_포스_해양오염사건,0.7295
충돌_어선_다온호.산적화물선_버러티_충돌사건,충돌_어선_제205광성호.일반화물선_오스트로브_아틀라소바_충돌사건,0.7204
충돌_어선_대림호_어선_한청호_충돌사건,화재_어선_제509유일호_화재사건,0.6943
충돌_어선_대림호_어선_한청호_충돌사건,충돌_어선_도진호_어선_진성호_충돌사건,0.7229
좌초_어선_금화3호_좌초사건,충돌_어선_대림호_어선_한청호_충돌사건,0.6782
충돌_어선_대림호_어선_한청호_충돌사건,충돌_예인선_울산109호의_피예인부선_울산6003호·어선_1신창호_충돌사건,0.6649
"충돌_어선_대명호,_어선_제1승창호_충돌사건",충돌_어선_제211은진호.어선_제88부영호_충돌사건,0.7835
"충돌_어선_대명호,_어선_제1승창호_충돌사건","충돌_어선_제3대광호,_어선_영창호_충돌사건",0.7662
충돌_어선_대복호.어선_아진호_충돌사건,충돌_어선_삼양호.낚시어선_대진호_충돌사건,0.7866
충돌_석유제품운반선_태양호_어선_제505한진호_충돌사건,충돌_어선_대복호.어선_아진호_충돌사건,0.7758
충돌_어선_대복호.어선_아진호_충돌사건,충돌_어선_삼광호.어선_성동호_충돌사건,0.774
충돌_어선_대복호.어선_아진호_충돌사건,충돌_어선_대복호_어선_아진호_충돌사건,0.7702
충돌_어선_대복호_어선_아진호_충돌사건,충돌_어선_유정호-모터보트_우리호_충돌사건,0.7834
충돌_낚시어선_스텔라호_어선_동성호_충돌사건,충돌_어선_대복호_어선_아진호_충돌사건,0.7327
충돌_낚시어선_용진호·모터보트_빛나리독수리호_충돌사건(공개용),충돌_어선_대복호_어선_아진호_충돌사건,0.7273
충돌_어선_대복호.어선_아진호_충돌사건,"충돌_어선_대승1호,_어선_진선7호_충돌사건",0.7427
"충돌_어선_대승1호,_어선_진선7호_충돌사건",충돌_어선_제5정민호_어선_제710태양호_충돌사건,0.7394
"충돌_어선_대승1호,_어선_진선7호_충돌사건",충돌_어선_제202경남호_어선_경민호_충돌사건,0.7523
인명사상_어선_제307영용호_선원사망사건,충돌_어선_대영호_선원사망사건,0.7742
충돌_어선_대원호.어선_희주호_충돌사건,충돌_어선_제205광성호.일반화물선_오스트로브_아틀라소바_충돌사건,0.7959
충돌_어선_대원호.어선_희주호_충돌사건,충돌_어선_제2019하람호-어선_수광호_충돌사건,0.767
충돌_어선_대일호ㆍ산적화물선_이제이_오션_충돌사건,충돌_어선_제211은진호.어선_제88부영호_충돌사건,0.7559
"충돌_낚시어선_레전드호,_어선_진양호_충돌사건",충돌_어선_대일호ㆍ산적화물선_이제이_오션_충돌사건,0.7462
충돌_석유제품운반선_태양호_어선_제505한진호_충돌사건,충돌_어선_대일호ㆍ산적화물선_이제이_오션_충돌사건,0.7455
"충돌_어선_대흥1호,_어선_제3승창호_충돌사건",충돌_어선_제7덕연호ㆍ어선_서해호_충돌사건,0.7392
"충돌_어선_대흥1호,_어선_제3승창호_충돌사건","충돌_어선_진흥호,_어선_찬성호_충돌사건",0.7368
"충돌_어선_대흥1호,_어선_제3승창호_충돌사건","충돌_어선_제3대광호,_어선_영창호_충돌사건",0.7326
"충돌_어선_대흥1호,_어선_제3승창호_충돌사건",충돌_예인선_광진107호-어선_제212창성호_충돌사건,0.7312
좌초_어선_제2019덕성호_좌초사건,충돌_어선_도진호_어선_진성호_충돌사건,0.7654
충돌_어선_도진호_어선_진성호_충돌사건,충돌_어선_성안호-모터보트_동해호_충돌사건,0.7525
"충돌_낚시어선_레전드호,_어선_진양호_충돌사건",충돌_어선_도진호_어선_진성호_충돌사건,0.7457
좌초_어선_제105신광호_좌초사건,충돌_어선_도진호_어선_진성호_충돌사건,0.7441
충돌_어선_도청호ㆍ어선_제206동양호_충돌사건,"충돌_어선_제3대광호,_어선_영창호_충돌사건",0.8002
충돌_어선_도청호ㆍ어선_제206동양호_충돌사건,충돌_어선_윤정호.어선_영남호_충돌사건,0.7732
충돌_어선_도청호ㆍ어선_제206동양호_충돌사건,충돌_예인선_광진107호-어선_제212창성호_충돌사건,0.7651
충돌_어선_동우호_냉동냉장선_시에라_충돌사건,"충돌_청항선_포항해양3호,_어선_해동호_충돌사건",0.7541
충돌_어선_동우호_냉동냉장선_시에라_충돌사건,충돌_예인선_광진월드7호_피예인부선_광진8001호와_크루즈_여객선_퀀텀_오_3de313c0,0.7525
접촉_예인선_303고려호의_피예인부선_5005영빈호_시아해등부표접촉사건,충돌_어선_동우호_냉동냉장선_시에라_충돌사건,0.7502
충돌_어선_동우호_냉동냉장선_시에라_충돌사건,충돌_일반화물선_광저우스타_엘피지운반선_카시마마루8_충돌사건,0.7496
좌초_어선_해성호_좌초사건,충돌_어선_루이호·어선_현승호_충돌사건,0.7211
인명사상_예인선_제3001광진호_선원사망사건,충돌_어선_루이호·어선_현승호_충돌사건,0.7226
충돌_낚시어선_유빈호_모터보트_대양호_충돌사건,충돌_어선_루이호·어선_현승호_충돌사건,0.7183
충돌_어선_루이호·어선_현승호_충돌사건,"충돌_어선_태종호,_어선_단경호_충돌사건",0.7159
충돌_어선_203원창호_어선_제3광림호_충돌사건,충돌_어선_명윤호_어선_대양호_충돌사건,0.7232
충돌_어선_명윤호_어선_대양호_충돌사건,충돌_어선_삼운호.어선_제3일광호_충돌사건,0.6941
충돌_어선_명윤호_어선_대양호_충돌사건,충돌_일반화물선_포세이돈_어선_형통호_충돌사건,0.679
충돌_어선_명윤호_어선_대양호_충돌사건,침몰_어선_유동호·어선_유동2호_침몰사건,0.6675
충돌_어선_보성호_어선_진성호_충돌사건,충돌_예인선_77신정호의_피예인부선_케이제이-3001호_낚시어선_은빛호_충돌ᄉ_6691206a,0.7973
충돌_어선_보성호_어선_진성호_충돌사건,충돌_일반화물선_포세이돈_어선_형통호_충돌사건,0.791
충돌_어선_보성호_어선_진성호_충돌사건,충돌_어선_봉진호_·_어선_동영호_충돌사건,0.7776
충돌_어선_봉진호_·_어선_동영호_충돌사건,충돌_예인선_77신정호의_피예인부선_케이제이-3001호_낚시어선_은빛호_충돌ᄉ_6691206a,0.7989
충돌_어선_봉진호_·_어선_동영호_충돌사건,충돌_일반화물선_포세이돈_어선_형통호_충돌사건,0.8384
충돌_어선_부성호.어선_해성호_충돌사건,충돌_어선_진영2호·낚시어선_해상2호_충돌사건,0.7632
충돌_어선_부성호.어선_해성호_충돌사건,충돌_어선_제5삼영호_낚시어선_동해호_충돌사건,0.7625
충돌_어선_대복호.어선_아진호_충돌사건,충돌_어선_부성호.어선_해성호_충돌사건,0.7568
충돌_어선_부영호.어선_복지호_충돌사건,충돌_어선_삼광호.어선_성동호_충돌사건,0.7668
충돌_어선_봉진호_·_어선_동영호_충돌사건,충돌_어선_부영호.어선_복지호_충돌사건,0.7581
충돌_어선_부영호.어선_복지호_충돌사건,충돌_어선_청일호.어선_동인1호_충돌사건,0.7423
충돌_어선_부영호.어선_복지호_충돌사건,충돌_어선_제76대창호.어선_제2대부호_충돌사건,0.7398
좌초_어선_정일호_좌초사건,충돌_어선_빅토리_1호-어선_해송_2호_충돌사건,0.7532
충돌_어선_빅토리_1호-어선_해송_2호_충돌사건,충돌_어선_제1구진호_액화석유가스운반선_위닝로드_충돌사건,0.7585
충돌_어선_대복호.어선_아진호_충돌사건,충돌_어선_빅토리_1호-어선_해송_2호_충돌사건,0.7591
충돌_어선_빅토리_1호-어선_해송_2호_충돌사건,충돌_예인선_현대쥬베일호·어선_제311명천호_충돌사건,0.7429
충돌_어선_삼광호.어선_성동호_충돌사건,충돌_어선_삼운호.어선_제3일광호_충돌사건,0.7572
좌초_어선_해성호_좌초사건,충돌_어선_삼광호.어선_성동호_충돌사건,0.7503
충돌_어선_삼양호.낚시어선_대진호_충돌사건,충돌_어선_삼운호.어선_제3일광호_충돌사건,0.7979
좌초_어선_제2019덕성호_좌초사건,충돌_어선_삼양호.낚시어선_대진호_충돌사건,0.7837
충돌_어선_삼양호.낚시어선_대진호_충돌사건,충돌_어선_제211은진호.어선_제88부영호_충돌사건,0.7819
충돌_어선_삼운호.어선_제3일광호_충돌사건,충돌_어선_청일호.어선_동인1호_충돌사건,0.8029
충돌_어선_삼운호.어선_제3일광호_충돌사건,"충돌_어선_제708우리호,_어선_제909민성호_충돌사건",0.7854
충돌_어선_부성호.어선_해성호_충돌사건,"충돌_어선_서양호,_어선_수만호_충돌사건",0.7254
"충돌_어선_서양호,_어선_수만호_충돌사건","충돌_어선_제600만성호,_어선_재경호_충돌사건",0.731
인명사상_어선_제101통영호_선원사상사건,"충돌_어선_서양호,_어선_수만호_충돌사건",0.7314
"충돌_어선_서양호,_어선_수만호_충돌사건",충돌_어선_휘동호·어선_동해26호_충돌사건,0.7209
좌초_어선_서온호_좌초사건,"충돌_어선_성광호,_어선_충남호_충돌사건",0.7676
"충돌_어선_대명호,_어선_제1승창호_충돌사건","충돌_어선_성광호,_어선_충남호_충돌사건",0.7521
"충돌_어선_성광호,_어선_충남호_충돌사건",충돌_어업지도선_무궁화14호·어선_대광호_충돌사건,0.7469
충돌_어선_삼양호.낚시어선_대진호_충돌사건,충돌_어선_성안호-모터보트_동해호_충돌사건,0.7647
좌초_어선_서온호_좌초사건,충돌_어선_성안호-모터보트_동해호_충돌사건,0.7514
충돌_어선_성진호_어선_남성호_충돌사건,충돌_어선_제205광성호.일반화물선_오스트로브_아틀라소바_충돌사건,0.7583
충돌_석유제품운반선_태양호_어선_제505한진호_충돌사건,충돌_어선_성진호_어선_남성호_충돌사건,0.768
충돌_어선_성진호_어선_남성호_충돌사건,"충돌_청항선_포항해양3호,_어선_해동호_충돌사건",0.7559
충돌_어선_성진호_어선_남성호_충돌사건,충돌_어선_제76대창호.어선_제2대부호_충돌사건,0.7512
"충돌_낚시어선_레전드호,_어선_진양호_충돌사건",충돌_어선_세종호&어선_수진호_충돌사건,0.7388
좌초_어선_기흥호_좌초사건,충돌_어선_세종호&어선_수진호_충돌사건,0.7365
충돌_어선_세종호&어선_수진호_충돌사건,화재_어선_제509유일호_화재사건,0.7207
충돌_어선_세종호&어선_수진호_충돌사건,충돌_어선_제76대창호.어선_제2대부호_충돌사건,0.7128
충돌_시멘트운반선_수성에이스호_어선_1신창호_충돌사건,"충돌_어선_세종호,_어선_명진호_충돌사건",0.667
"충돌_어선_세종호,_어선_명진호_충돌사건","충돌_어선_제3대광호,_어선_영창호_충돌사건",0.6741
"충돌_어선_세종호,_어선_명진호_충돌사건",충돌_예인선_101경원호의_피예인부선_동일502호·부선_해건9001호_충돌사건,0.6666
인명사상_어선_제105대진호_선원사망사건,"충돌_어선_세종호,_어선_명진호_충돌사건",0.6622
충돌_어선_세진호ㆍ어선_양성호_충돌사건,"충돌_어선_제97임수호,_액화석유가스운반선_구이페이_충돌사건",0.7119
충돌_어선_세진호ㆍ어선_양성호_충돌사건,"충돌_어선_제902금성호,_일반화물선_순신_충돌사건",0.6925
"충돌_어선_성광호,_어선_충남호_충돌사건",충돌_어선_세진호ㆍ어선_양성호_충돌사건,0.6953
충돌_어선_세진호ㆍ어선_양성호_충돌사건,충돌_일반화물선_에스앤케이_레이디호-예인선_삼표201호의_피예인부선_삼ᄑ_387cd8ed,0.6864
충돌_어선_수덕호&어선_영광호_충돌사건,충돌_어선_제6용성호&어선_한일호_충돌사건,0.7298
충돌_어선_수덕호&어선_영광호_충돌사건,충돌_어선_제2017대청호&어선_경덕호_충돌사건,0.7414
충돌_어선_수덕호&어선_영광호_충돌사건,충돌_일반화물선_일현정호&어선_제2008성해호_충돌사건,0.7257
충돌_어선_수덕호&어선_영광호_충돌사건,"충돌_어선_진흥호,_어선_찬성호_충돌사건",0.7239
"충돌_낚시어선_여수휴리호,_어선_진영호_충돌사건","충돌_어선_수영호,_낚시어선_참사랑호_충돌사건",0.7669
"충돌_어선_수현호,_어선_제306한일호_충돌사건",충돌_화물_및_카페리선_세주프런티어호&기타선_해천마린2호,0.7759
"충돌_어선_수현호,_어선_제306한일호_충돌사건",충돌_어선_유정호-모터보트_우리호_충돌사건,0.7669
충돌_어선_봉진호_·_어선_동영호_충돌사건,"충돌_어선_수현호,_어선_제306한일호_충돌사건",0.7617
"충돌_어선_수현호,_어선_제306한일호_충돌사건",충돌_중앙해심_제2022-001호(낚시어선_금성피싱호.어선_수진호_충돌사건)_공_733ef807,0.758
인명사상_어선_209대청호_선원사망사건,충돌_어선_신성호_선원사망사건,0.7506
인명사상_어선_제101부창호_선원사망사건,충돌_어선_신성호_선원사망사건,0.7079
인명사상_어선_제609천금호_선원부상사건,충돌_어선_신성호_선원사망사건,0.7049
"충돌_낚시어선_나라2호,_무등록선박_충돌사건",충돌_어선_영복호-어선_성운호_충돌사건,0.7098
충돌_낚시어선_나라2호_무등록_선박_충돌사건,충돌_어선_영복호-어선_성운호_충돌사건,0.7098
"충돌_급수선_대명11호,_어선_대진호_충돌사건",충돌_어선_영복호-어선_성운호_충돌사건,0.7211
충돌_어선_영복호-어선_성운호_충돌사건,"충돌_어선_제600만성호,_어선_재경호_충돌사건",0.7128
충돌_어선_영신호_모터보트_바다여행_충돌사건,"충돌_어선_제307풍성호,_컨테이너운반선_에스아이티씨_얀타이_충돌사건",0.7342
좌초_어선_해성호_좌초사건,충돌_어선_영신호_모터보트_바다여행_충돌사건,0.7346
충돌_석유제품운반선_만수호_기타선_제1오복호_충돌사건,충돌_어선_영신호_모터보트_바다여행_충돌사건,0.7334
접촉_낚시어선_모하비호_거가대교_교각접촉사건,충돌_어선_영신호_모터보트_바다여행_충돌사건,0.7401
충돌_어선_영용호-어선_제2한경호_충돌사건,충돌_어선_제211은진호.어선_제88부영호_충돌사건,0.7854
충돌_어선_영용호-어선_제2한경호_충돌사건,"충돌_어선_제600만성호,_어선_재경호_충돌사건",0.7902
충돌_어선_삼운호.어선_제3일광호_충돌사건,충돌_어선_영용호-어선_제2한경호_충돌사건,0.7794
충돌_어선_영용호-어선_제2한경호_충돌사건,충돌_어선_제5정민호_어선_제710태양호_충돌사건,0.7766
충돌_어선_영주호ㆍ어선_일진2호_충돌사건,충돌_예인선_현대쥬베일호·어선_제311명천호_충돌사건,0.7789
접촉_컨테이너선_스타_익스프레스_부두시설_접촉사건,충돌_어선_영주호ㆍ어선_일진2호_충돌사건,0.7577
접촉_기타선_강남티-3호_양식장접촉사건,충돌_어선_영진호&어선_정윤호_충돌사건,0.7213
인명사상_어선_광정15호_선원사망사건,충돌_어선_영진호&어선_정윤호_충돌사건,0.7354
충돌_어선_영진호&어선_정윤호_충돌사건,충돌_예인선_현대쥬베일호·어선_제311명천호_충돌사건,0.7195
충돌_어선_영진호&어선_정윤호_충돌사건,행방불명_어선_대금호_선원실종사건,0.7225
인명사상_예인선_전남912호의_피예인부선_6001고려호_선원사망사건,충돌_어선_영진호_어선_금수호_충돌사건,0.7104
충돌_어선_영진호_어선_금수호_충돌사건,"충돌_어선_제22성영호,_어선_포레나호_충돌사건",0.7682
접촉_어선_광영호_방파제_접촉사건,충돌_어선_영진호_어선_금수호_충돌사건,0.6973
좌초_어선_방주호_좌초사건,충돌_어선_영진호_어선_금수호_충돌사건,0.6962
충돌_어선_용성호·어선_범일호_충돌사건,충돌_어선_제7이성호-어선_골든_크라운_충돌사건,0.7716
좌초_어선_제2019덕성호_좌초사건,충돌_어선_용성호·어선_범일호_충돌사건,0.7587
충돌_어선_용성호·어선_범일호_충돌사건,충돌_어선_제2013현진호_어선_용성호_충돌사건,0.7536
충돌_어선_원진호_어선_아라호_충돌사건,충돌_예인선_77신정호의_피예인부선_케이제이-3001호_낚시어선_은빛호_충돌ᄉ_6691206a,0.79
충돌_어선_203원창호_어선_제3광림호_충돌사건,충돌_어선_원진호_어선_아라호_충돌사건,0.7512
충돌_어선_원진호_어선_아라호_충돌사건,충돌_어선_유정호-모터보트_우리호_충돌사건,0.7454
충돌_낚시어선_베스트2호_어선_어양호_충돌사건,충돌_어선_원진호_어선_아라호_충돌사건,0.7441
충돌_어선_유정호-모터보트_우리호_충돌사건,충돌_일반화물선_포세이돈_어선_형통호_충돌사건,0.7844
충돌_어선_유정호-모터보트_우리호_충돌사건,"충돌_어선_제708우리호,_어선_제909민성호_충돌사건",0.7794
충돌_어선_203원창호_어선_제3광림호_충돌사건,충돌_어선_유정호-모터보트_우리호_충돌사건,0.7745
충돌_어선_삼운호.어선_제3일광호_충돌사건,"충돌_어선_유조호,어선_하늬호_충돌사건",0.7824
"충돌_어선_유조호,어선_하늬호_충돌사건",충돌_어선_제69해동호&산적화물선_오션레전드_충돌사건,0.7476
"충돌_어선_유조호,어선_하늬호_충돌사건",침몰_예인선_제66동원호_침몰사건,0.7441
좌초_어선_창원호_좌초사건,"충돌_어선_유조호,어선_하늬호_충돌사건",0.7379
"충돌_석유제품운반선_13대양,_어선_제207윤경호_충돌사건","충돌_어선_윤성호,_산적화물선_제이씨_루비_충돌사건",0.7334
"충돌_어선_윤성호,_산적화물선_제이씨_루비_충돌사건","충돌_어선_제902금성호,_일반화물선_순신_충돌사건",0.7542
충돌_어선_용성호·어선_범일호_충돌사건,"충돌_어선_윤성호,_산적화물선_제이씨_루비_충돌사건",0.7376
"충돌_어선_성광호,_어선_충남호_충돌사건",충돌_어선_윤용3호_좌초사건,0.7039
충돌_어선_윤용3호_좌초사건,충돌_어업지도선_무궁화14호·어선_대광호_충돌사건,0.6957
충돌_어선_윤용3호_좌초사건,침몰_어선_유동호·어선_유동2호_침몰사건,0.69
충돌_어선_윤용3호_좌초사건,충돌_예인선_현대쥬베일호·어선_제311명천호_충돌사건,0.6741
충돌_어선_윤정호.어선_영남호_충돌사건,충돌_예인선_울산109호의_피예인부선_울산6003호·어선_1신창호_충돌사건,0.7885
충돌_어선_윤정호.어선_영남호_충돌사건,"충돌_어선_제3대광호,_어선_영창호_충돌사건",0.7811
"충돌_어선_은성호,_어선_이화호_충돌사건","충돌_어선_제108연창호,_모터보트_야호_충돌사건",0.7826
"충돌_어선_은성호,_어선_이화호_충돌사건","충돌_어선_제102동해호,_모터보트_청양호_충돌사건",0.7808
"충돌_어선_은성호,_어선_이화호_충돌사건","충돌_어선_제902금성호,_일반화물선_순신_충돌사건",0.7641
"충돌_어선_일성호,_어선_복성2호_충돌사건",충돌_어선_제2019하람호-어선_수광호_충돌사건,0.7477
"충돌_어선_세영7호,_낚시어선_팀슈프림호_충돌사건","충돌_어선_일성호,_어선_복성2호_충돌사건",0.7536
"충돌_어선_일성호,_어선_복성2호_충돌사건",충돌_어선_제153혜승호_일반화물선_헹유_충돌사건,0.7497
충돌_어선_장광호_선원사망사건,충돌_어선_제2정훈호_선원부상사건,0.7426
인명사상_어선_유정호_선원부상사건,충돌_어선_장광호_선원사망사건,0.7342
인명사상_어선_성복호_선원사망사건,충돌_어선_장광호_선원사망사건,0.7244
인명사상_어선_광일호_선원부상사건,충돌_어선_장광호_선원사망사건,0.7094
충돌_어선_삼운호.어선_제3일광호_충돌사건,"충돌_어선_정원호,_어선_제109신광호_충돌사건",0.7533
충돌_어선_103매일호-산적화물선_만다린차이나_충돌사건,"충돌_어선_정원호,_어선_제109신광호_충돌사건",0.7471
좌초_어선_제5해창호_좌초사건,"충돌_어선_정원호,_어선_제109신광호_충돌사건",0.7382
좌초_어선_제26남성호_좌초사건,"충돌_어선_정원호,_어선_제109신광호_충돌사건",0.7309
"충돌_낚시어선_500형빈호,_모터보트_킹스마린호_충돌사건",충돌_어선_제101형성호_일반화물선_트레져오션_충돌사건,0.7424
충돌_어선_광영호_좌초사건,충돌_어선_제101형성호_일반화물선_트레져오션_충돌사건,0.7408
충돌_어선_제101형성호_일반화물선_트레져오션_충돌사건,충돌_유선_충무공거북선_낚시어선_올레호_충돌사건,0.7645
충돌_어선_제101형성호_일반화물선_트레져오션_충돌사건,충돌_컨테이너선_스카이챌린지_어선_제101성창호_충돌사건,0.7785
"충돌_어선_제102동해호,_모터보트_청양호_충돌사건","충돌_어선_제108연창호,_모터보트_야호_충돌사건",0.7935
충돌_어선_제102영화호_어선_광영호_충돌사건,충돌_컨테이너선_스카이챌린지_어선_제101성창호_충돌사건,0.7744
충돌_어선_제102영화호_어선_광영호_충돌사건,충돌_어선_제102일광호_일반화물선_헬렌_충돌사건,0.7377
충돌_어선_제102영화호_어선_광영호_충돌사건,충돌_어선_제1구진호_액화석유가스운반선_위닝로드_충돌사건,0.7258
인명사상_어선_제286혜승호_선원사망사건,충돌_어선_제102영화호_어선_광영호_충돌사건,0.7107
충돌_어선_제102일광호_일반화물선_헬렌_충돌사건,충돌_컨테이너선_스카이챌린지_어선_제101성창호_충돌사건,0.7479
충돌_어선_제102일광호_일반화물선_헬렌_충돌사건,충돌_어선_제103유성호_어선_제207만어호_충돌사건,0.7457
충돌_어선_제102일광호_일반화물선_헬렌_충돌사건,충돌_어선_제76대창호.어선_제2대부호_충돌사건,0.7375
충돌_어선_제103금진호_유조선_에스엠화이트훼일1_충돌사건,충돌_예인선_광진월드7호_피예인부선_광진8001호와_크루즈_여객선_퀀텀_오_3de313c0,0.7692
충돌_어선_제103금진호_유조선_에스엠화이트훼일1_충돌사건,충돌_일반화물선_광양7호_어선_해동호_충돌사건,0.8013
접촉_낚시어선_세진호_등부표접촉사건,충돌_어선_제103금진호_유조선_에스엠화이트훼일1_충돌사건,0.7675
충돌_어선_제103금진호_유조선_에스엠화이트훼일1_충돌사건,충돌_어선_제307한창호_어선_제203무영호_충돌사건,0.7642
좌초_어선_제105신광호_좌초사건,충돌_어선_제103유성호_어선_제207만어호_충돌사건,0.7238
인명사상_원양어선_슐에스테701호_선원사망사건,충돌_어선_제103유성호_어선_제207만어호_충돌사건,0.7282
"충돌_낚시어선_시온호,_어선_97흥성호_충돌사건",충돌_어선_제103청해호&낚시어선_뉴피닉스호_충돌사건,0.7631
충돌_어선_제103청해호&낚시어선_뉴피닉스호_충돌사건,충돌_어선_제703유경호_어선_세양호_충돌사건,0.7416
"충돌_어선_제108연창호,_모터보트_야호_충돌사건",충돌_어선_제305만석호&어선_제3한진호_충돌사건,0.7654
"충돌_어선_제108연창호,_모터보트_야호_충돌사건",충돌_어선_제27화승호&어선_화경호_충돌사건,0.7497
"충돌_어선_제111금성호,_어선_선우호_충돌사건",충돌_어선_제27화승호&어선_화경호_충돌사건,0.8006
인명사상_어선_제307영용호_선원사망사건,"충돌_어선_제111금성호,_어선_선우호_충돌사건",0.7765
"충돌_어선_제111금성호,_어선_선우호_충돌사건",충돌_어선_제21남경호-어선_제3003덕일호_충돌사건,0.7748
충돌_어선_삼양호.낚시어선_대진호_충돌사건,충돌_어선_제133삼화호.어선_제303진영호_충돌사건,0.7121
"충돌_석유제품운반선_13대양,_어선_제207윤경호_충돌사건",충돌_어선_제133삼화호.어선_제303진영호_충돌사건,0.7003
충돌_어선_제133삼화호.어선_제303진영호_충돌사건,"충돌_어선_제307풍성호,_컨테이너운반선_에스아이티씨_얀타이_충돌사건",0.7005
충돌_어선_제153혜승호_일반화물선_헹유_충돌사건,충돌_어선_제27화승호&어선_화경호_충돌사건,0.7645
충돌_어선_제153혜승호_일반화물선_헹유_충돌사건,"충돌_어선_제902금성호,_일반화물선_순신_충돌사건",0.7623
"충돌_어선_제1구진호,_유류_및_액체화학품_산적운반선_에코_조슈아_파크_추_77c7cce8","충돌_예인선_29조양호의_피예인부선_해광5005호,_어선_제801금승호_충돌사건",0.7212
"충돌_어선_제1구진호,_유류_및_액체화학품_산적운반선_에코_조슈아_파크_추_77c7cce8",충돌_예인선_현대쥬베일호·어선_제311명천호_충돌사건,0.7255
"충돌_어선_제1구진호,_유류_및_액체화학품_산적운반선_에코_조슈아_파크_추_77c7cce8",충돌_어선_킹스타호_수상오토바이_2017제이에프51_충돌사건,0.7144
"충돌_어선_제1구진호,_유류_및_액체화학품_산적운반선_에코_조슈아_파크_추_77c7cce8",충돌_어선_제69해동호&산적화물선_오션레전드_충돌사건,0.6819
충돌_어선_제1구진호_액화석유가스운반선_위닝로드_충돌사건,충돌_컨테이너선_스카이챌린지_어선_제101성창호_충돌사건,0.7866
충돌_어선_제1구진호_액화석유가스운반선_위닝로드_충돌사건,충돌_유선_충무공거북선_낚시어선_올레호_충돌사건,0.7591
"충돌_어선_제1신흥호,_어선_정웅호_충돌사건",충돌_어선_제27화승호&어선_화경호_충돌사건,0.7486
"충돌_어선_제1신흥호,_어선_정웅호_충돌사건","충돌_어선_제3대광호,_어선_영창호_충돌사건",0.7445
"충돌_낚시어선_스피드호,_어선_풍정호_충돌사건","충돌_어선_제1신흥호,_어선_정웅호_충돌사건",0.7492
"충돌_어선_2007연흥호,_냉동운반선_씽_유에_충돌사건","충돌_어선_제1신흥호,_어선_정웅호_충돌사건",0.7376
충돌_어선_제1원석호_어선_제7은수호_충돌사건,"충돌_어선_제708우리호,_어선_제909민성호_충돌사건",0.7513
"충돌_낚시어선_라온호,_낚시어선_대양1호_충돌사건",충돌_어선_제1원석호_어선_제7은수호_충돌사건,0.7455
충돌_어선_제2013현진호_어선_용성호_충돌사건,충돌_예인선_울산109호의_피예인부선_울산6003호·어선_1신창호_충돌사건,0.7517
충돌_어선_제2013현진호_어선_용성호_충돌사건,충돌_어선_제7이성호-어선_골든_크라운_충돌사건,0.7601
충돌_어선_제2017대청호&어선_경덕호_충돌사건,충돌_어선_제211은진호.어선_제88부영호_충돌사건,0.7666
충돌_어선_제2017대청호&어선_경덕호_충돌사건,충돌_어선_제5대광호_어선_제209광진호_충돌사건,0.768
충돌_어선_제2019하람호-어선_수광호_충돌사건,충돌_어선_제2019하람호ㆍ어선_만경호_충돌사건,0.7906
기타_어선_제207성진호_침수사건,충돌_어선_제2019하람호-어선_수광호_충돌사건,0.7826
충돌_어선_삼운호.어선_제3일광호_충돌사건,충돌_어선_제2019하람호-어선_수광호_충돌사건,0.7797
충돌_어선_제2019하람호ㆍ어선_만경호_충돌사건,침몰_예인선_제66동원호_침몰사건,0.7509
접촉_카페리여객선_송림블루오션_부두접촉사건,충돌_어선_제2019하람호ㆍ어선_만경호_충돌사건,0.7483
좌초_어선_정일호_좌초사건,충돌_어선_제2019하람호ㆍ어선_만경호_충돌사건,0.7477
"충돌_어선_제2021신영호,_일반화물선_디케이_이토니아_충돌사건",충돌_일반화물선_광양7호_어선_해동호_충돌사건,0.7728
충돌_어선_제103금진호_유조선_에스엠화이트훼일1_충돌사건,"충돌_어선_제2021신영호,_일반화물선_디케이_이토니아_충돌사건",0.7443
"충돌_어선_제2021신영호,_일반화물선_디케이_이토니아_충돌사건",충돌_예인선_77신정호의_피예인부선_케이제이-3001호_낚시어선_은빛호_충돌ᄉ_6691206a,0.7417
"충돌_어선_제2021신영호,_일반화물선_디케이_이토니아_충돌사건",충돌_예인선_광진월드7호_피예인부선_광진8001호와_크루즈_여객선_퀀텀_오_3de313c0,0.7384
충돌_어선_제202경남호_어선_경민호_충돌사건,충돌_어선_제5정민호_어선_제710태양호_충돌사건,0.7746
충돌_어선_제202경남호_어선_경민호_충돌사건,충돌_어선_제211은진호.어선_제88부영호_충돌사건,0.7735
충돌_어선_제205광성호.일반화물선_오스트로브_아틀라소바_충돌사건,충돌_어선_제76대창호.어선_제2대부호_충돌사건,0.761
충돌_어선_삼운호.어선_제3일광호_충돌사건,충돌_어선_제205광성호.일반화물선_오스트로브_아틀라소바_충돌사건,0.7375
"충돌_어선_2007연흥호,_냉동운반선_씽_유에_충돌사건","충돌_어선_제205창남호,_예인선_창성6호의_피예인부선_사하5_충돌사건",0.7359
전복_예인선_101유한_전복사건,"충돌_어선_제205창남호,_예인선_창성6호의_피예인부선_사하5_충돌사건",0.7305
접촉_예인선_대승105호의_피예인부선_대승2호_울돌목_조류발전소_접촉사건,"충돌_어선_제205창남호,_예인선_창성6호의_피예인부선_사하5_충돌사건",0.7308
"충돌_낚시어선_청광호,_낚시어선_플로렌스호_충돌사건",충돌_어선_제207상진호_어선_동인호_충돌사건,0.7218
충돌_어선_제207상진호_어선_동인호_충돌사건,충돌_원양어선_제38한성호_석유제품운반선_대운호_충돌사건,0.7229
인명사상_예인선_제3001광진호_선원사망사건,충돌_어선_제207상진호_어선_동인호_충돌사건,0.7196
충돌_어선_삼운호.어선_제3일광호_충돌사건,충돌_어선_제207상진호_어선_동인호_충돌사건,0.7174
충돌_어선_제211은진호.어선_제88부영호_충돌사건,"충돌_어선_제22성영호,_어선_포레나호_충돌사건",0.7973
충돌_어선_제211은진호.어선_제88부영호_충돌사건,충돌_어선_제69해동호&산적화물선_오션레전드_충돌사건,0.7839
충돌_어선_도청호ㆍ어선_제206동양호_충돌사건,충돌_어선_제21남경호-어선_제3003덕일호_충돌사건,0.7641
인명사상_어선_제307영용호_선원사망사건,충돌_어선_제21남경호-어선_제3003덕일호_충돌사건,0.7636
충돌_어선_제21남경호-어선_제3003덕일호_충돌사건,충돌_어선_제608명성호-어선_5부성호_충돌사건,0.7766
"충돌_어선_제22성영호,_어선_포레나호_충돌사건","충돌_어선_제902금성호,_일반화물선_순신_충돌사건",0.7711
"충돌_어선_제22성영호,_어선_포레나호_충돌사건",충돌_어선_제5정민호_어선_제710태양호_충돌사건,0.7619
"충돌_어선_뉴만중호,_예인선_강남티-27호의_피예인부선_강남5009호_충돌사건",충돌_어선_제27세길호_어선_풍어호_충돌사건,0.7353
충돌_어선_제27세길호_어선_풍어호_충돌사건,충돌_어선_제607명성호_일반화물선_트러윈드어코드_충돌사건,0.7261
충돌_어선_길양호·어선_해성호_충돌사건,충돌_어선_제27세길호_어선_풍어호_충돌사건,0.7043
충돌_어선_제27세길호_어선_풍어호_충돌사건,"충돌_카페리화물선_금광11호,_어선_제27만창호_충돌사건",0.701
충돌_어선_제27화승호&어선_화경호_충돌사건,"충돌_어선_제7청진호,_어선_포레나호_충돌사건",0.7946
"충돌_어선_제2영성호,_어선_성진호_등_3척_충돌사건",충돌_유조선_사핀스트렝스_방파제_접촉사건,0.7299
"충돌_어선_제2영성호,_어선_성진호_등_3척_충돌사건",충돌_일반화물선_에스앤케이_레이디호-예인선_삼표201호의_피예인부선_삼ᄑ_387cd8ed,0.7235
충돌_어선_영용호-어선_제2한경호_충돌사건,"충돌_어선_제2영성호,_어선_성진호_등_3척_충돌사건",0.7266
인명사상_예인선_용진_선원부상사건,"충돌_어선_제2영성호,_어선_성진호_등_3척_충돌사건",0.7221
충돌_어선_도청호ㆍ어선_제206동양호_충돌사건,"충돌_어선_제301동하호,_어선_광일호_충돌사건",0.7642
충돌_어선_윤정호.어선_영남호_충돌사건,"충돌_어선_제301동하호,_어선_광일호_충돌사건",0.7617
"충돌_어선_제111금성호,_어선_선우호_충돌사건","충돌_어선_제301동하호,_어선_광일호_충돌사건",0.7208
충돌_어선_도청호ㆍ어선_제206동양호_충돌사건,충돌_어선_제305만석호&어선_제3한진호_충돌사건,0.7428
충돌_어선_제305만석호&어선_제3한진호_충돌사건,"충돌_어선_제3대광호,_어선_영창호_충돌사건",0.7585
충돌_어선_제305만석호&어선_제3한진호_충돌사건,"충돌_어선_제902금성호,_일반화물선_순신_충돌사건",0.7391
"충돌_어선_제307풍성호,_컨테이너운반선_에스아이티씨_얀타이_충돌사건",충돌_카페리선_뉴은혜페리호_실뱀장어안강망_바지접촉사건,0.7853
충돌_어선_삼운호.어선_제3일광호_충돌사건,"충돌_어선_제307풍성호,_컨테이너운반선_에스아이티씨_얀타이_충돌사건",0.7778
전복_어선_제105동건호_전복사건,"충돌_어선_제307풍성호,_컨테이너운반선_에스아이티씨_얀타이_충돌사건",0.753
충돌_어선_203원창호_어선_제3광림호_충돌사건,충돌_어선_제307한창호_어선_제203무영호_충돌사건,0.7389
충돌_어선_삼운호.어선_제3일광호_충돌사건,충돌_어선_제307한창호_어선_제203무영호_충돌사건,0.7376
충돌_어선_제307한창호_어선_제203무영호_충돌사건,충돌_일반화물선_광양7호_어선_해동호_충돌사건,0.7324
충돌_어선_윤정호.어선_영남호_충돌사건,충돌_어선_제33제성호_유조선_스완_충돌사건,0.7222
충돌_어선_제33제성호_유조선_스완_충돌사건,충돌_일반화물선_일현정호&어선_제2008성해호_충돌사건,0.736
좌초_어선_제105신광호_좌초사건,충돌_어선_제33제성호_유조선_스완_충돌사건,0.7295
충돌_낚시어선_몬스터호&어선_정운호_충돌사건,충돌_어선_제33제성호_유조선_스완_충돌사건,0.7277
충돌_어선_제3공선호.어선_제5준영호_충돌사건,충돌_중앙해심_제2022-001호(낚시어선_금성피싱호.어선_수진호_충돌사건)_공_733ef807,0.7835
충돌_어선_삼광호.어선_성동호_충돌사건,충돌_어선_제3공선호.어선_제5준영호_충돌사건,0.7353
충돌_어선_제3공선호.어선_제5준영호_충돌사건,충돌_어선_제76대창호.어선_제2대부호_충돌사건,0.7337
"충돌_어선_제3대광호,_어선_영창호_충돌사건","충돌_어선_제7청진호,_어선_포레나호_충돌사건",0.7728
"충돌_어선_제3대광호,_어선_영창호_충돌사건",충돌_예인선_광진107호-어선_제212창성호_충돌사건,0.8132
충돌_어선_삼운호.어선_제3일광호_충돌사건,"충돌_어선_제3명신호,_어선_일출호_충돌사건",0.7295
"충돌_어선_제3명신호,_어선_일출호_충돌사건","충돌_어선_제708우리호,_어선_제909민성호_충돌사건",0.735
충돌_어선_203원창호_어선_제3광림호_충돌사건,"충돌_어선_제3명신호,_어선_일출호_충돌사건",0.7232
충돌_어선_대복호.어선_아진호_충돌사건,"충돌_어선_제3명신호,_어선_일출호_충돌사건",0.7429
좌초_어선_만경호_좌초사건,충돌_어선_제3명신호.산적화물선_서던_스피릿_충돌사건,0.7051
인명사상_어선_제3명신호_선원사망사건,충돌_어선_제3명신호.산적화물선_서던_스피릿_충돌사건,0.7174
충돌_어선_제3명신호.산적화물선_서던_스피릿_충돌사건,충돌_어선_제5대광호_어선_제209광진호_충돌사건,0.7096
접촉_어선_광영호_방파제_접촉사건,충돌_어선_제3명신호.산적화물선_서던_스피릿_충돌사건,0.6889
충돌_어선_제5002성보호_어선_제86평진호_충돌사건,"충돌_어선_제87조일호,_어선_제88조일호_충돌사건",0.7215
충돌_어선_제5002성보호_어선_제86평진호_충돌사건,충돌_어선_제69해동호&산적화물선_오션레전드_충돌사건,0.7203
충돌_어선_제5002성보호_어선_제86평진호_충돌사건,충돌_어선_창준2호-어선_세훈호_충돌사건,0.7189
충돌_어선_제211은진호.어선_제88부영호_충돌사건,충돌_어선_제5002성보호_어선_제86평진호_충돌사건,0.7093
"충돌_어선_수현호,_어선_제306한일호_충돌사건",충돌_어선_제52금영호_어선_광명호_충돌사건,0.7438
충돌_어선_봉진호_·_어선_동영호_충돌사건,충돌_어선_제52금영호_어선_광명호_충돌사건,0.751
충돌_어선_제52금영호_어선_광명호_충돌사건,충돌_어선_제607명성호_일반화물선_트러윈드어코드_충돌사건,0.7494
충돌_석유제품운반선_태양호_어선_제505한진호_충돌사건,충돌_어선_제52금영호_어선_광명호_충돌사건,0.748
충돌_어선_203원창호_어선_제3광림호_충돌사건,"충돌_어선_제53삼광호,_어선_동일호_충돌사건",0.7723
"충돌_어선_제53삼광호,_어선_동일호_충돌사건",충돌_일반화물선_광양7호_어선_해동호_충돌사건,0.777
충돌_어선_글로벌호_어선_해양호_충돌사건,"충돌_어선_제53삼광호,_어선_동일호_충돌사건",0.7437
"충돌_낚시어선_라온호,_낚시어선_대양1호_충돌사건","충돌_어선_제53삼광호,_어선_동일호_충돌사건",0.7363
충돌_어선_삼운호.어선_제3일광호_충돌사건,충돌_어선_제5대광호_어선_제209광진호_충돌사건,0.7569
충돌_어선_제211은진호.어선_제88부영호_충돌사건,충돌_어선_제5대광호_어선_제209광진호_충돌사건,0.7557
충돌_어선_영용호-어선_제2한경호_충돌사건,충돌_어선_제5대광호_어선_제209광진호_충돌사건,0.754
좌초_어선_제5해창호_좌초사건,충돌_어선_제5삼영호_낚시어선_동해호_충돌사건,0.748
충돌_어선_삼양호.낚시어선_대진호_충돌사건,충돌_어선_제5삼영호_낚시어선_동해호_충돌사건,0.7267
충돌_어선_대복호.어선_아진호_충돌사건,충돌_어선_제5삼영호_낚시어선_동해호_충돌사건,0.7107
충돌_어선_제5정민호_어선_제710태양호_충돌사건,충돌_어선_제69해동호&산적화물선_오션레전드_충돌사건,0.777
충돌_어선_제5정민호_어선_제710태양호_충돌사건,"충돌_어선_제600만성호,_어선_재경호_충돌사건",0.7582
충돌_어선_제211은진호.어선_제88부영호_충돌사건,"충돌_어선_제600만성호,_어선_재경호_충돌사건",0.7582
충돌_어선_제607명성호_일반화물선_트러윈드어코드_충돌사건,충돌_예인선_77신정호의_피예인부선_케이제이-3001호_낚시어선_은빛호_충돌ᄉ_6691206a,0.7823
충돌_어선_봉진호_·_어선_동영호_충돌사건,충돌_어선_제607명성호_일반화물선_트러윈드어코드_충돌사건,0.7636
충돌_어선_제608명성호-어선_5부성호_충돌사건,"충돌_어선_제902금성호,_일반화물선_순신_충돌사건",0.7644
"충돌_어선_제3대광호,_어선_영창호_충돌사건",충돌_어선_제608명성호-어선_5부성호_충돌사건,0.7475
인명사상_어선_27협신호_선원사망사건,충돌_어선_제608명성호-어선_5부성호_충돌사건,0.7384
충돌_어선_제69해동호&산적화물선_오션레전드_충돌사건,"충돌_어선_제708우리호,_어선_제909민성호_충돌사건",0.7873
좌초_어선_제105신광호_좌초사건,충돌_어선_제6용성호&어선_한일호_충돌사건,0.7169
충돌_어선_제6용성호&어선_한일호_충돌사건,"충돌_어선_제903청룡호,_어선_제2010대승호_충돌사건",0.7014
충돌_어선_제6용성호&어선_한일호_충돌사건,충돌_일반화물선_대호제주ㆍ어선_한연호_충돌사건,0.6932
좌초_어선_제105신광호_좌초사건,충돌_어선_제703유경호_어선_세양호_충돌사건,0.7633
충돌_어선_도청호ㆍ어선_제206동양호_충돌사건,충돌_어선_제703유경호_어선_세양호_충돌사건,0.7632
"충돌_어선_제708우리호,_어선_제909민성호_충돌사건",충돌_어선_제9창남호_어선_제638신양호_충돌사건,0.7852
충돌_어선_제211은진호.어선_제88부영호_충돌사건,충돌_어선_제76대창호.어선_제2대부호_충돌사건,0.7632
충돌_어선_도청호ㆍ어선_제206동양호_충돌사건,충돌_어선_제7덕연호ㆍ어선_서해호_충돌사건,0.7337
"충돌_어선_제3대광호,_어선_영창호_충돌사건",충돌_어선_제7덕연호ㆍ어선_서해호_충돌사건,0.7362
"충돌_낚시어선_시온호,_어선_97흥성호_충돌사건",충돌_어선_제7덕연호ㆍ어선_서해호_충돌사건,0.7341
충돌_어선_제7이성호-어선_골든_크라운_충돌사건,충돌_일반화물선_일현정호&어선_제2008성해호_충돌사건,0.7589
인명사상_어선_바다2호_선원사망사건,"충돌_어선_제7청진호,_어선_포레나호_충돌사건",0.7714
"충돌_어선_제7청진호,_어선_포레나호_충돌사건",화재_어선_제105대승호_화재사건,0.7691
"충돌_어선_제87조일호,_어선_제88조일호_충돌사건",충돌_예인선_현대쥬베일호·어선_제311명천호_충돌사건,0.7364
"충돌_어선_제87조일호,_어선_제88조일호_충돌사건","충돌_어선_제902금성호,_일반화물선_순신_충돌사건",0.7326
접촉_컨테이너선_스타_익스프레스_부두시설_접촉사건,"충돌_어선_제87조일호,_어선_제88조일호_충돌사건",0.744
충돌_석유제품운반선·12삼부호_어선_쌍둥이호_충돌사건,"충돌_어선_제87조일호,_어선_제88조일호_충돌사건",0.732
충돌_어선_제211은진호.어선_제88부영호_충돌사건,"충돌_어선_제902금성호,_일반화물선_순신_충돌사건",0.7771
인명사상_어선_제101통영호_선원사상사건,"충돌_어선_제902금성호,_일반화물선_순신_충돌사건",0.7762
"충돌_어선_제903청룡호,_어선_제2010대승호_충돌사건",충돌_예인선_광진107호-어선_제212창성호_충돌사건,0.7749
"충돌_낚시어선_스피드호,_어선_풍정호_충돌사건","충돌_어선_제903청룡호,_어선_제2010대승호_충돌사건",0.7588
인명사상_어선_제105대진호_선원사망사건,"충돌_어선_제903청룡호,_어선_제2010대승호_충돌사건",0.7505
"충돌_어선_제97임수호,_액화석유가스운반선_구이페이_충돌사건",화재_어선_배양호_화재사건,0.7434
"충돌_어선_제902금성호,_일반화물선_순신_충돌사건","충돌_어선_제97임수호,_액화석유가스운반선_구이페이_충돌사건",0.7688
충돌_어선_제69해동호&산적화물선_오션레전드_충돌사건,"충돌_어선_제97임수호,_액화석유가스운반선_구이페이_충돌사건",0.7421
충돌_어선_도청호ㆍ어선_제206동양호_충돌사건,"충돌_어선_제97임수호,_액화석유가스운반선_구이페이_충돌사건",0.727
"충돌_어선_제97임수호,_액화석유가스운반선_구이페이_충돌사건",충돌_어선_제98평진호_활어운반선_동유안_6(DONG_YUAN_6)_충돌사건,0.6967
전복_어선_153해월호_전복사건,충돌_어선_제98평진호_활어운반선_동유안_6(DONG_YUAN_6)_충돌사건,0.6881
좌초_어선_제5해창호_좌초사건,충돌_어선_제98평진호_활어운반선_동유안_6(DONG_YUAN_6)_충돌사건,0.6998
접촉_낚시어선_챌린지피싱호_돌핀접촉사건,충돌_어선_제98평진호_활어운반선_동유안_6(DONG_YUAN_6)_충돌사건,0.6804
충돌_어선_203원창호_어선_제3광림호_충돌사건,충돌_어선_제9창남호_어선_제638신양호_충돌사건,0.7724
"충돌_낚시어선_라온호,_낚시어선_대양1호_충돌사건",충돌_어선_제9창남호_어선_제638신양호_충돌사건,0.769
좌초_어선_해성호_좌초사건,충돌_어선_진영2호·낚시어선_해상2호_충돌사건,0.758
"충돌_어선_제102동해호,_모터보트_청양호_충돌사건",충돌_어선_진영2호·낚시어선_해상2호_충돌사건,0.7536
"충돌_어선_진흥호,_어선_찬성호_충돌사건",충돌_유류_및_액체화학품산적운반선_케이티에스_그린호-어선_제322광덕ᄒ_08035755,0.7305
"충돌_어선_제3대광호,_어선_영창호_충돌사건","충돌_어선_진흥호,_어선_찬성호_충돌사건",0.7223
접촉_석유제품운반선_삼진1호_방파제접촉사건,충돌_어선_찬영호.어선_의지3호_충돌사건,0.7282
전복_예인선_101유한_전복사건,충돌_어선_찬영호.어선_의지3호_충돌사건,0.7384
충돌_어선_찬영호.어선_의지3호_충돌사건,충돌_예인선_현대쥬베일호·어선_제311명천호_충돌사건,0.749
충돌_어선_창준2호-어선_세훈호_충돌사건,충돌_예인선_현대쥬베일호·어선_제311명천호_충돌사건,0.7489
충돌_어선_제76대창호.어선_제2대부호_충돌사건,충돌_어선_창준2호-어선_세훈호_충돌사건,0.7417
좌초_어선_해성호_좌초사건,충돌_어선_창준2호-어선_세훈호_충돌사건,0.7202
충돌_어선_청일호.어선_동인1호_충돌사건,충돌_카페리선_뉴은혜페리호_실뱀장어안강망_바지접촉사건,0.7642
충돌_어선_대원호.어선_희주호_충돌사건,충돌_어선_청일호.어선_동인1호_충돌사건,0.7448
좌초_어선_807현진호_좌초사건,충돌_어선_청정호.어선_제3풍성호_충돌사건,0.7368
기타_어선_제207성진호_침수사건,충돌_어선_청정호.어선_제3풍성호_충돌사건,0.7272
좌초_카페리여객선_섬사랑11호_좌초사건,충돌_어선_청정호.어선_제3풍성호_충돌사건,0.7269
좌초_어선_동광호_좌초사건,충돌_어선_청정호.어선_제3풍성호_충돌사건,0.7235
충돌_어선_춘심_·_모터보트_글로리_충돌사건,충돌_원양어선_제38한성호_석유제품운반선_대운호_충돌사건,0.6533
충돌_석유제품운반선_카리스_낚시어선_선경호_충돌사건,충돌_어선_춘심_·_모터보트_글로리_충돌사건,0.6707
충돌_어선_춘심_·_모터보트_글로리_충돌사건,침몰_예인선_제66동원호_침몰사건,0.6463
충돌_어선_제211은진호.어선_제88부영호_충돌사건,충돌_어선_킹스타호_수상오토바이_2017제이에프51_충돌사건,0.7159
"충돌_어선_윤성호,_산적화물선_제이씨_루비_충돌사건",충돌_어선_킹스타호_수상오토바이_2017제이에프51_충돌사건,0.7051
"충돌_어선_정원호,_어선_제109신광호_충돌사건",충돌_어선_킹스타호_수상오토바이_2017제이에프51_충돌사건,0.705
충돌_어선_빅토리_1호-어선_해송_2호_충돌사건,충돌_어선_태곤호_어선_주영2호_충돌사건,0.706
좌초_어선_창원호_좌초사건,충돌_어선_태곤호_어선_주영2호_충돌사건,0.7183
전복_어선_제207남양호_전복사건,충돌_어선_태곤호_어선_주영2호_충돌사건,0.7099
충돌_어선_태성호의_계류줄_풀림으로_인한_대원호_충돌사건,충돌_일반화물선_에스앤케이_레이디호-예인선_삼표201호의_피예인부선_삼ᄑ_387cd8ed,0.7029
인명사상_원양어선_슐에스테701호_선원사망사건,충돌_어선_태성호의_계류줄_풀림으로_인한_대원호_충돌사건,0.6804
인명사상_일반화물선_썬_이스턴_도선사_사망사건,충돌_어선_태성호의_계류줄_풀림으로_인한_대원호_충돌사건,0.6562
충돌_어선_태성호의_계류줄_풀림으로_인한_대원호_충돌사건,충돌_예인선_광진107호의_피예인부선_재성101호·카페리화물부선_동서6001호_충_75ddac1e,0.6525
충돌_어선_길양호·어선_해성호_충돌사건,"충돌_어선_태종호,_어선_단경호_충돌사건",0.7633
"충돌_어선_태종호,_어선_단경호_충돌사건",충돌_일반화물선_포세이돈_어선_형통호_충돌사건,0.7687
접촉_낚시어선_세진호_등부표접촉사건,"충돌_어선_태종호,_어선_단경호_충돌사건",0.7504
충돌_어선_삼운호.어선_제3일광호_충돌사건,충돌_어선_풍천호-어선_삼광호_충돌사건,0.7461
충돌_어선_제69해동호&산적화물선_오션레전드_충돌사건,충돌_어선_풍천호-어선_삼광호_충돌사건,0.7389
"충돌_어선_제307풍성호,_컨테이너운반선_에스아이티씨_얀타이_충돌사건",충돌_어선_풍천호-어선_삼광호_충돌사건,0.7427
충돌_어선_영용호-어선_제2한경호_충돌사건,충돌_어선_풍천호-어선_삼광호_충돌사건,0.7372
충돌_어선_제69해동호&산적화물선_오션레전드_충돌사건,"충돌_어선_해우리호,_어선_혜은호_충돌사건",0.7329
"충돌_석유제품운반선_13대양,_어선_제207윤경호_충돌사건","충돌_어선_해우리호,_어선_혜은호_충돌사건",0.7635
"충돌_어선_제902금성호,_일반화물선_순신_충돌사건","충돌_어선_해우리호,_어선_혜은호_충돌사건",0.7312
충돌_석유제품운반선_신성호_어선_제17만구호_충돌사건,"충돌_어선_해우리호,_어선_혜은호_충돌사건",0.7276
전복_어선_153해월호_전복사건,충돌_어선_혜수호-모터보트_해호_충돌사건,0.7272
접촉_기타선_강남티-3호_양식장접촉사건,충돌_어선_혜수호-모터보트_해호_충돌사건,0.7251
"충돌_어선_윤성호,_산적화물선_제이씨_루비_충돌사건",충돌_어선_혜수호-모터보트_해호_충돌사건,0.7115
"충돌_어선_2007연흥호,_냉동운반선_씽_유에_충돌사건",충돌_어선_휘동호·어선_동해26호_충돌사건,0.7238
"충돌_어선_제7청진호,_어선_포레나호_충돌사건",충돌_어선_휘동호·어선_동해26호_충돌사건,0.7365
충돌_어선_휘동호·어선_동해26호_충돌사건,화재_어선_배양호_화재사건,0.7741
충돌_낚시어선_스텔라호_어선_동성호_충돌사건,충돌_어선_흥성호_어선_태성호_충돌사건,0.7204
"충돌_어선_제102동해호,_모터보트_청양호_충돌사건",충돌_어선_흥성호_어선_태성호_충돌사건,0.7042
충돌_어선_제5정민호_어선_제710태양호_충돌사건,충돌_어선_흥성호_어선_태성호_충돌사건,0.6916
충돌_어선경림호.압항예선_제101삼일호의_압항부선_제103삼일호_충돌사건,충돌_예인선_현대쥬베일호·어선_제311명천호_충돌사건,0.6827
충돌_어선경림호.압항예선_제101삼일호의_압항부선_제103삼일호_충돌사건,충돌_일반화물선_일현정호_어선_제2해성호_충돌사건,0.6905
충돌_어선경림호.압항예선_제101삼일호의_압항부선_제103삼일호_충돌사건,충돌_예인선_에스에스_티3호의_피예인부선_에스에스_비1호_·어선_거성호_충돌ᄉ_48e1432b,0.7211
충돌_어선경림호.압항예선_제101삼일호의_압항부선_제103삼일호_충돌사건,충돌_컨테이너운반선_요코하마_트레이더_예인선_901조양의_피예인부선_세방2_d0606463,0.6829
기타_어선_제207성진호_침수사건,충돌_어업지도선_무궁화14호·어선_대광호_충돌사건,0.7419
충돌_어업지도선_무궁화14호·어선_대광호_충돌사건,충돌_일반화물선_일현정호&어선_제2008성해호_충돌사건,0.7237
"충돌_어선_태종호,_어선_단경호_충돌사건",충돌_어업지도선_무궁화14호·어선_대광호_충돌사건,0.7145
충돌_여객선_하모니플라워호_선원부상사건,해양오염_석유제품운반선_보광토파즈_해양오염사건,0.7263
충돌_여객선_하모니플라워호_선원부상사건,화재_어선_효성호_등_6척_화재사건,0.7202
충돌_여객선_하모니플라워호_선원부상사건,해양오염_유류운반부선_은성_해양오염사건,0.7151
충돌_여객선_하모니플라워호_선원부상사건,해양오염_액체화학품산적운반선_107효동케미_해양오염사건,0.7092
충돌_예인선_101경원호의_피예인부선_동일502호·부선_해건9001호_충돌사건,충돌_예인선_광진107호의_피예인부선_재성101호·카페리화물부선_동서6001호_충_75ddac1e,0.7597
접촉_산적화물선_윌리엄_올덴도르프_부두접촉사건,충돌_예인선_101경원호의_피예인부선_동일502호·부선_해건9001호_충돌사건,0.7341
충돌_예인선_101삼우호_침수사건,침몰_예인선_제66동원호_침몰사건,0.778
접촉_컨테이너선_스타_익스프레스_부두시설_접촉사건,충돌_예인선_101삼우호_침수사건,0.7605
인명사상_어선_제237양창호_선원사망사건,충돌_예인선_101삼우호_침수사건,0.741
전복_어선_2008만선호_전복사건,충돌_예인선_101삼우호_침수사건,0.7343
"충돌_예인선_29조양호의_피예인부선_해광5005호,_어선_제801금승호_충돌사건",충돌_예인선_현대쥬베일호·어선_제311명천호_충돌사건,0.7833
인명사상_예인선_제3001광진호_선원사망사건,"충돌_예인선_29조양호의_피예인부선_해광5005호,_어선_제801금승호_충돌사건",0.7308
접촉_예인선_303고려호의_피예인부선_5005영빈호_시아해등부표접촉사건,"충돌_예인선_29조양호의_피예인부선_해광5005호,_어선_제801금승호_충돌사건",0.7324
충돌_어선_대복호.어선_아진호_충돌사건,"충돌_예인선_29조양호의_피예인부선_해광5005호,_어선_제801금승호_충돌사건",0.7303
충돌_예인선_301조양호의_피예인부선_건민17000호ㆍ어선_광해호_충돌사건,충돌_예인선_광진107호-어선_제212창성호_충돌사건,0.7746
"충돌_어선_제3대광호,_어선_영창호_충돌사건",충돌_예인선_301조양호의_피예인부선_건민17000호ㆍ어선_광해호_충돌사건,0.7381
인명사상_일반화물선_썬_이스턴_도선사_사망사건,충돌_예인선_301조양호의_피예인부선_건민17000호ㆍ어선_광해호_충돌사건,0.7293
충돌_예인선_305성신호의_피예인부선_5003성신호_어선_5운반호_충돌사건,침몰_어선_제127대양호_침몰사건,0.7325
충돌_예인선_305성신호의_피예인부선_5003성신호_어선_5운반호_충돌사건,화재_어선_제3문성호_화재사건,0.6936
충돌_석유제품운반선_유성호_낚시어선_매니아1호_충돌사건,충돌_예인선_305성신호의_피예인부선_5003성신호_어선_5운반호_충돌사건,0.6955
접촉_예인선_303고려호의_피예인부선_5005영빈호_시아해등부표접촉사건,충돌_예인선_305성신호의_피예인부선_5003성신호_어선_5운반호_충돌사건,0.6931
충돌_예인선_77신정호의_피예인부선_케이제이-3001호_낚시어선_은빛호_충돌ᄉ_6691206a,충돌_예인선_광진월드7호_피예인부선_광진8001호와_크루즈_여객선_퀀텀_오_3de313c0,0.8113
충돌_예인선_광진107호-어선_제212창성호_충돌사건,충돌_일반화물선_일현정호&어선_제2008성해호_충돌사건,0.7859
인명사상_예인선_101한진호_선원사망사건,충돌_예인선_광진107호의_피예인부선_재성101호·카페리화물부선_동서6001호_충_75ddac1e,0.7441
"충돌_어선_제902금성호,_일반화물선_순신_충돌사건",충돌_예인선_광진107호의_피예인부선_재성101호·카페리화물부선_동서6001호_충_75ddac1e,0.7367
충돌_어선_삼운호.어선_제3일광호_충돌사건,충돌_예인선_광진월드7호_피예인부선_광진8001호와_크루즈_여객선_퀀텀_오_3de313c0,0.768
인명사상_통선_제3성원호_승객사망사건,충돌_예인선_남영호의_피예인부선_장원5001호·어선_3만성호_충돌사건,0.68
충돌_어선_제1구진호_액화석유가스운반선_위닝로드_충돌사건,충돌_예인선_남영호의_피예인부선_장원5001호·어선_3만성호_충돌사건,0.6894
충돌_석유제품운반선_카리스_낚시어선_선경호_충돌사건,충돌_예인선_남영호의_피예인부선_장원5001호·어선_3만성호_충돌사건,0.6686
충돌_예인선_남영호의_피예인부선_장원5001호·어선_3만성호_충돌사건,침몰_예인선_제66동원호_침몰사건,0.6637
접촉_기타선_강남티-3호_양식장접촉사건,충돌_예인선_부경103호의_피예인부선_광진1501호·어선_신성호_충돌사건,0.7434
충돌_어선_대복호.어선_아진호_충돌사건,"충돌_예인선_삼표301호의_피예인부선_삼표302호,_일반화물선_창성_충돌사건",0.7446
충돌_석유제품운반선_태양호_어선_제505한진호_충돌사건,"충돌_예인선_삼표301호의_피예인부선_삼표302호,_일반화물선_창성_충돌사건",0.7511
"충돌_어선_제307풍성호,_컨테이너운반선_에스아이티씨_얀타이_충돌사건","충돌_예인선_삼표301호의_피예인부선_삼표302호,_일반화물선_창성_충돌사건",0.7362
"충돌_예인선_삼표301호의_피예인부선_삼표302호,_일반화물선_창성_충돌사건",충돌_유조선_사핀스트렝스_방파제_접촉사건,0.7357
충돌_어선_제607명성호_일반화물선_트러윈드어코드_충돌사건,충돌_예인선_안진1호의_피예인부선_현대프린세스·기타선_삼성더블유-2호__108f14c9,0.7415
충돌_석유제품운반선·12삼부호_어선_쌍둥이호_충돌사건,충돌_예인선_안진1호의_피예인부선_현대프린세스·기타선_삼성더블유-2호__108f14c9,0.7271
충돌_어선_삼운호.어선_제3일광호_충돌사건,충돌_예인선_안진1호의_피예인부선_현대프린세스·기타선_삼성더블유-2호__108f14c9,0.7188
접촉_컨테이너선_스타_익스프레스_부두시설_접촉사건,충돌_예인선_안진1호의_피예인부선_현대프린세스·기타선_삼성더블유-2호__108f14c9,0.7134
충돌_예인선_에스에스_티3호의_피예인부선_에스에스_비1호_·어선_거성호_충돌ᄉ_48e1432b,충돌_예인선_제305해송호&피예인부선_디씨지1호_충돌사건,0.7646
충돌_예인선_부경103호의_피예인부선_광진1501호·어선_신성호_충돌사건,충돌_예인선_에스에스_티3호의_피예인부선_에스에스_비1호_·어선_거성호_충돌ᄉ_48e1432b,0.7299
충돌_예인선_광진107호-어선_제212창성호_충돌사건,충돌_예인선_울산109호의_피예인부선_울산6003호·어선_1신창호_충돌사건,0.762
충돌_예인선_울산109호의_피예인부선_울산6003호·어선_1신창호_충돌사건,충돌_일반화물선_일현정호&어선_제2008성해호_충돌사건,0.7616
인명사상_어선_제203대영호_선원부상사건,충돌_예인선_제305해송호&피예인부선_디씨지1호_충돌사건,0.7659
인명사상_예인선_용진_선원부상사건,충돌_예인선_제305해송호&피예인부선_디씨지1호_충돌사건,0.7459
인명사상_예인선_현대쥬베일호_선원사망사건,충돌_예인선_제305해송호&피예인부선_디씨지1호_충돌사건,0.7346
"충돌_어선_제903청룡호,_어선_제2010대승호_충돌사건",충돌_예인선_케이-1호의_피예인부선_현대미포8001호ㆍ어선_해영3호_등_2척_충돌_d34f5078,0.3732
충돌_군함_박동진함&어선_제808서창호_충돌사건,충돌_예인선_케이-1호의_피예인부선_현대미포8001호ㆍ어선_해영3호_등_2척_충돌_d34f5078,0.3641
인명사상_어선_창덕호_선원부상사건,충돌_예인선_케이-1호의_피예인부선_현대미포8001호ㆍ어선_해영3호_등_2척_충돌_d34f5078,0.3491
인명사상_산적화물선_디엘아이비_작업원_사망사건,충돌_예인선_케이-1호의_피예인부선_현대미포8001호ㆍ어선_해영3호_등_2척_충돌_d34f5078,0.3509
충돌_원양어선_제38한성호_석유제품운반선_대운호_충돌사건,"충돌_컨테이너선_홍콩_보이저호,_컨테이너선_티엔_푸_허_충돌사건",0.763
충돌_예인선_광진월드7호_피예인부선_광진8001호와_크루즈_여객선_퀀텀_오_3de313c0,충돌_원양어선_제38한성호_석유제품운반선_대운호_충돌사건,0.7602
충돌_어선_제103금진호_유조선_에스엠화이트훼일1_충돌사건,충돌_원양어선_제38한성호_석유제품운반선_대운호_충돌사건,0.7419
충돌_어선_삼운호.어선_제3일광호_충돌사건,충돌_원양어선_제38한성호_석유제품운반선_대운호_충돌사건,0.7419
충돌_어선_제307한창호_어선_제203무영호_충돌사건,충돌_유류_및_액체화학품산적운반선_와이엔_오션_어선_305광림호_충돌_f5c78e53,0.7155
충돌_어선_제103금진호_유조선_에스엠화이트훼일1_충돌사건,충돌_유류_및_액체화학품산적운반선_와이엔_오션_어선_305광림호_충돌_f5c78e53,0.7091
"충돌_어선_수현호,_어선_제306한일호_충돌사건",충돌_유류_및_액체화학품산적운반선_와이엔_오션_어선_305광림호_충돌_f5c78e53,0.7033
충돌_어선_203원창호_어선_제3광림호_충돌사건,충돌_유류_및_액체화학품산적운반선_와이엔_오션_어선_305광림호_충돌_f5c78e53,0.7002
충돌_예인선_현대쥬베일호·어선_제311명천호_충돌사건,충돌_유류_및_액체화학품산적운반선_우진_켈리_석유제품운반선_골_055f93f7,0.7148
충돌_유류_및_액체화학품산적운반선_우진_켈리_석유제품운반선_골_055f93f7,충돌_일반화물선_광양7호_어선_해동호_충돌사건,0.7392
접촉_예인선_울산705호의_피예인선_울산10001호_송전선접촉사건,충돌_유류_및_액체화학품산적운반선_우진_켈리_석유제품운반선_골_055f93f7,0.7179
충돌_유류_및_액체화학품산적운반선_울산_파이오니어_자동차운반선__f5b9037f,침몰_예인선_제66동원호_침몰사건,0.7424
충돌_석유제품운반선·12삼부호_어선_쌍둥이호_충돌사건,충돌_유류_및_액체화학품산적운반선_울산_파이오니어_자동차운반선__f5b9037f,0.7406
충돌_낚시어선_스텔라호어선_동성호_충돌사건,충돌_유류_및_액체화학품산적운반선_울산_파이오니어_자동차운반선__f5b9037f,0.7445
충돌_어선_영주호ㆍ어선_일진2호_충돌사건,충돌_유류_및_액체화학품산적운반선_울산_파이오니어_자동차운반선__f5b9037f,0.7336
좌초_여객선_북도고속페리호_좌초사건_1,충돌_유류_및_액체화학품산적운반선_제이앤_아이리스_중국_모래운반ᄉ_a393b3f9,0.7201
충돌_유류_및_액체화학품산적운반선_제이앤_아이리스_중국_모래운반ᄉ_a393b3f9,충돌_일반화물선_우현_호프·유류_및_액체화학품산적운반선_스카이케_9227fc19,0.7113
충돌_유류_및_액체화학품산적운반선_제이앤_아이리스_중국_모래운반ᄉ_a393b3f9,충돌_일반화물선_대호제주ㆍ어선_한연호_충돌사건,0.6961
충돌_예인선_광진107호-어선_제212창성호_충돌사건,충돌_유류_및_액체화학품산적운반선_케이티에스_그린호-어선_제322광덕ᄒ_08035755,0.7678
"충돌_낚시어선_스피드호,_어선_풍정호_충돌사건",충돌_유류_및_액체화학품산적운반선_케이티에스_그린호-어선_제322광덕ᄒ_08035755,0.7591
"충돌_어선_제3대광호,_어선_영창호_충돌사건",충돌_유류_및_액체화학품산적운반선_케이티에스_그린호-어선_제322광덕ᄒ_08035755,0.7548
충돌_어선_도청호ㆍ어선_제206동양호_충돌사건,충돌_유류_및_액체화학품산적운반선_케이티에스_그린호-어선_제322광덕ᄒ_08035755,0.7524
충돌_유선_충무공거북선_낚시어선_올레호_충돌사건,충돌_컨테이너선_스카이챌린지_어선_제101성창호_충돌사건,0.7685
"충돌_낚시어선_500형빈호,_모터보트_킹스마린호_충돌사건",충돌_유선_충무공거북선_낚시어선_올레호_충돌사건,0.7609
충돌_유조선_1거성_예인선_303일신호의_피예인_지질조사용_구조물_충돌사건,침몰_어선_유동호·어선_유동2호_침몰사건,0.7498
좌초_어선_해성호_좌초사건,충돌_유조선_1거성_예인선_303일신호의_피예인_지질조사용_구조물_충돌사건,0.7432
좌초_시멘트운반선_한라1호_좌초사건,충돌_유조선_1거성_예인선_303일신호의_피예인_지질조사용_구조물_충돌사건,0.7573
충돌_유조선_308효동케미호ㆍ어선_이화호_충돌사건,충돌_유조선_사핀스트렝스_방파제_접촉사건,0.7449
충돌_어선_영주호ㆍ어선_일진2호_충돌사건,충돌_유조선_308효동케미호ㆍ어선_이화호_충돌사건,0.7366
충돌_유조선_308효동케미호ㆍ어선_이화호_충돌사건,충돌_일반화물선_제니스_로얄호-어선_제27한일호_충돌사건,0.7265
접촉_케미컬운반선_나비그8_스카이_부두접촉사건,충돌_유조선_308효동케미호ㆍ어선_이화호_충돌사건,0.7228
충돌_유조선_사핀스트렝스_방파제_접촉사건,충돌_카페리여객선_오션_비스타_제주&해경함_3012함_충돌사건,0.7704
충돌_어선_봉진호_·_어선_동영호_충돌사건,충돌_일반화물선_광양7호_어선_해동호_충돌사건,0.7769
"충돌_기타선_코롤2호,_일반화물선_엠엠러너_충돌사건",충돌_일반화물선_광저우스타_엘피지운반선_카시마마루8_충돌사건,0.7205
충돌_일반화물선_광저우스타_엘피지운반선_카시마마루8_충돌사건,"충돌_잠수함_나대용함,_자동차운반선_호그런던_충돌사건",0.7139
충돌_일반화물선_광저우스타_엘피지운반선_카시마마루8_충돌사건,해양오염_카페리선_씨월드_마린_해양오염사건,0.7148
충돌_예인선_현대쥬베일호·어선_제311명천호_충돌사건,충돌_일반화물선_대호제주ㆍ어선_한연호_충돌사건,0.7558
충돌_석유제품운반선_태양호_어선_제505한진호_충돌사건,충돌_일반화물선_대호제주ㆍ어선_한연호_충돌사건,0.7675
충돌_유조선_사핀스트렝스_방파제_접촉사건,충돌_일반화물선_대호제주ㆍ어선_한연호_충돌사건,0.7554
충돌_예인선_광진월드7호_피예인부선_광진8001호와_크루즈_여객선_퀀텀_오_3de313c0,충돌_일반화물선_대호제주ㆍ어선_한연호_충돌사건,0.7534
"충돌_어선_제902금성호,_일반화물선_순신_충돌사건",충돌_일반화물선_에스앤케이_레이디호-예인선_삼표201호의_피예인부선_삼ᄑ_387cd8ed,0.7259
"충돌_어선_윤성호,_산적화물선_제이씨_루비_충돌사건",충돌_일반화물선_에스앤케이_레이디호-예인선_삼표201호의_피예인부선_삼ᄑ_387cd8ed,0.7244
충돌_일반화물선_우현_호프·유류_및_액체화학품산적운반선_스카이케_9227fc19,충돌_화물_및_카페리선_세주프런티어호&기타선_해천마린2호,0.7369
충돌_일반화물선_우현_호프·유류_및_액체화학품산적운반선_스카이케_9227fc19,충돌_화물선_헤세드호.어선_길영호_충돌사건,0.7348
충돌_어선_203원창호_어선_제3광림호_충돌사건,충돌_일반화물선_우현_호프·유류_및_액체화학품산적운반선_스카이케_9227fc19,0.7319
충돌_어선_성진호_어선_남성호_충돌사건,충돌_일반화물선_우현_호프·유류_및_액체화학품산적운반선_스카이케_9227fc19,0.7254
기타_어선_제207성진호_침수사건,충돌_일반화물선_일현정호&어선_제2008성해호_충돌사건,0.7679
충돌_예인선_현대쥬베일호·어선_제311명천호_충돌사건,충돌_일반화물선_일현정호_어선_제2해성호_충돌사건,0.7566
충돌_어선_영주호ㆍ어선_일진2호_충돌사건,충돌_일반화물선_일현정호_어선_제2해성호_충돌사건,0.7456
충돌_일반화물선_대호제주ㆍ어선_한연호_충돌사건,충돌_일반화물선_일현정호_어선_제2해성호_충돌사건,0.7067
충돌_석유제품운반선_신성호_어선_제17만구호_충돌사건,충돌_일반화물선_일현정호_어선_제2해성호_충돌사건,0.7024
충돌_어선_부성호.어선_해성호_충돌사건,충돌_일반화물선_제니스_로얄호-어선_제27한일호_충돌사건,0.7448
좌초_어선_제105신광호_좌초사건,충돌_일반화물선_제니스_로얄호-어선_제27한일호_충돌사건,0.7478
충돌_어선_풍천호-어선_삼광호_충돌사건,충돌_일반화물선_제니스_로얄호-어선_제27한일호_충돌사건,0.7346
충돌_석유제품운반선_태양호_어선_제505한진호_충돌사건,"충돌_잠수함_나대용함,_자동차운반선_호그런던_충돌사건",0.769
"충돌_잠수함_나대용함,_자동차운반선_호그런던_충돌사건",충돌_잠수함_나대용함_자동차운반선_호그런던_충돌사건,0.82
충돌_어선_대복호.어선_아진호_충돌사건,"충돌_잠수함_나대용함,_자동차운반선_호그런던_충돌사건",0.7497
충돌_어선_동우호_냉동냉장선_시에라_충돌사건,"충돌_잠수함_나대용함,_자동차운반선_호그런던_충돌사건",0.7485
"충돌_어선_수현호,_어선_제306한일호_충돌사건",충돌_잠수함_나대용함_자동차운반선_호그런던_충돌사건,0.7461
접촉_석유제품운반선_삼진1호_방파제접촉사건,충돌_잠수함_나대용함_자동차운반선_호그런던_충돌사건,0.7339
좌초_어선_방주호_좌초사건,충돌_잠수함_나대용함_자동차운반선_호그런던_충돌사건,0.7303
충돌_어선_유정호-모터보트_우리호_충돌사건,충돌_중앙해심_제2022-001호(낚시어선_금성피싱호.어선_수진호_충돌사건)_공_733ef807,0.7612
충돌_어선_킹스타호_수상오토바이_2017제이에프51_충돌사건,충돌_중앙해심_제2022-003(어선_제25일성호.냉동운반선_스바루_충돌사건)_공_0a03d2e2,0.6734
충돌_어선_풍천호-어선_삼광호_충돌사건,충돌_중앙해심_제2022-003(어선_제25일성호.냉동운반선_스바루_충돌사건)_공_0a03d2e2,0.6673
충돌_어선_용성호·어선_범일호_충돌사건,충돌_중앙해심_제2022-003(어선_제25일성호.냉동운반선_스바루_충돌사건)_공_0a03d2e2,0.6833
전복_어선_진곤호_전복사건,충돌_중앙해심_제2022-003(어선_제25일성호.냉동운반선_스바루_충돌사건)_공_0a03d2e2,0.6629
충돌_어선_대복호.어선_아진호_충돌사건,"충돌_청항선_포항해양3호,_어선_해동호_충돌사건",0.7599
접촉_화물_및_카페리선_케이에스_헤르메스호_방파제_접촉사건,충돌_카페리선_성우제주-화물_및_카페리선_금영레드포스_충돌사건,0.573
인명사상_예인선_2002해영_선원사망사건,충돌_카페리선_성우제주-화물_및_카페리선_금영레드포스_충돌사건,0.5643
좌초_시멘트운반선_한라1호_좌초사건,충돌_카페리선_성우제주-화물_및_카페리선_금영레드포스_충돌사건,0.5437
좌초_예인선_우국티5호의_피예인부선_금오7호_좌초사건,충돌_카페리선_성우제주-화물_및_카페리선_금영레드포스_충돌사건,0.5397
충돌_일반화물선_일현정호&어선_제2008성해호_충돌사건,충돌_카페리여객선_금오고속페리호&어선_신성호_충돌사건,0.7612
인명사상_어선_제101통영호_선원사상사건,충돌_카페리여객선_금오고속페리호&어선_신성호_충돌사건,0.7331
"충돌_낚시어선_스피드호,_어선_풍정호_충돌사건",충돌_카페리여객선_금오고속페리호&어선_신성호_충돌사건,0.7279
인명사상_어선_제105대진호_선원사망사건,충돌_카페리여객선_금오고속페리호&어선_신성호_충돌사건,0.724
좌초_여객선_북도고속페리호_좌초사건_1,충돌_카페리여객선_비금아일랜드호·어선_영준2호_등_3척_충돌사건,0.737
추진축계손상_이접안용예선_대동11호_추진축계_손상사건,충돌_카페리여객선_비금아일랜드호·어선_영준2호_등_3척_충돌사건,0.743
추진축계손상_도선_여수경도골프앤리조트호_추진축계손상사건,충돌_카페리여객선_섬드리비금농협고속페리_기관손상사건,0.6951
접촉_예인선_153강성호5호_양식장_접촉사건,충돌_카페리여객선_섬드리비금농협고속페리_기관손상사건,0.7205
인명사상_어선_제21남경호_부유물감김사건으로_인한_선원사망사건,충돌_카페리여객선_섬드리비금농협고속페리_기관손상사건,0.697
충돌_예인선_제305해송호&피예인부선_디씨지1호_충돌사건,충돌_카페리여객선_섬드리비금농협고속페리_기관손상사건,0.6932
"충돌_낚시어선_여수휴리호,_어선_진영호_충돌사건","충돌_카페리여객선_여수경도골프앤리조트_,_어선_대성호_충돌사건",0.7216
"충돌_어선_윤성호,_산적화물선_제이씨_루비_충돌사건","충돌_카페리여객선_여수경도골프앤리조트_,_어선_대성호_충돌사건",0.702
"충돌_석유제품운반선_13대양,_어선_제207윤경호_충돌사건","충돌_카페리여객선_여수경도골프앤리조트_,_어선_대성호_충돌사건",0.6948
"충돌_어선_제102동해호,_모터보트_청양호_충돌사건","충돌_카페리여객선_여수경도골프앤리조트_,_어선_대성호_충돌사건",0.6933
접촉_예인선_303고려호의_피예인부선_5005영빈호_시아해등부표접촉사건,충돌_카페리여객선_오션_비스타_제주&해경함_3012함_충돌사건,0.777
충돌_어선_제101형성호_일반화물선_트레져오션_충돌사건,충돌_카페리여객선_욕지영동골드고속호.낚시어선_제2비너스호_충돌사건,0.7095
좌초_어선_동광호_좌초사건,충돌_카페리여객선_욕지영동골드고속호.낚시어선_제2비너스호_충돌사건,0.7199
충돌_낚시어선_스텔라호_어선_동성호_충돌사건,충돌_카페리여객선_욕지영동골드고속호.낚시어선_제2비너스호_충돌사건,0.7347
충돌_석유제품운반선_성진에이스호·_석유제품운반선_제96동방호_충ᄃ_3933e6e4,충돌_카페리여객선_코리아익스프레스카훼리호카페리여객선_대부고속페리3호__d584002c,0.7267
충돌_석유제품운반선·12삼부호_어선_쌍둥이호_충돌사건,충돌_카페리여객선_코리아익스프레스카훼리호카페리여객선_대부고속페리3호__d584002c,0.7121
충돌_어선_영주호ㆍ어선_일진2호_충돌사건,충돌_카페리여객선_코리아익스프레스카훼리호카페리여객선_대부고속페리3호__d584002c,0.7364
충돌_어선_제101형성호_일반화물선_트레져오션_충돌사건,충돌_카페리여객선_태평양_3호-어선_제2입성호_충돌사건,0.7209
"충돌_낚시어선_여수휴리호,_어선_진영호_충돌사건",충돌_카페리여객선_태평양_3호-어선_제2입성호_충돌사건,0.7183
충돌_카페리여객선_한일골드스텔라-카페리여객선_뉴스타_충돌사건,"충돌_화물_및_카페리선_케이에스_헤르메스호,_액화천연가스운반선_에스엠__8b440578",0.7897
충돌_카페리여객선_한일골드스텔라-카페리여객선_뉴스타_충돌사건,충돌_카페리여객선_한일골드스텔라호&일반화물선_제107대양호_충돌사건,0.7328
접촉_유조선_동아_테미스_부두접촉사건,충돌_카페리여객선_한일골드스텔라-카페리여객선_뉴스타_충돌사건,0.6939
충돌_어선_제69해동호&산적화물선_오션레전드_충돌사건,충돌_카페리여객선_한일골드스텔라호&일반화물선_제107대양호_충돌사건,0.7605
"충돌_어선_제3대광호,_어선_영창호_충돌사건",충돌_카페리여객선_한일골드스텔라호&일반화물선_제107대양호_충돌사건,0.7521
충돌_카페리여객선_한일골드스텔라호&일반화물선_제107대양호_충돌사건,충돌_카페리화물선_미래15호.도선_죽도_해바라기호_충돌사건,0.7478
충돌_시멘트운반선_수성에이스호_어선_1신창호_충돌사건,"충돌_카페리화물선_금광11호,_어선_제27만창호_충돌사건",0.7399
"충돌_어선_제22성영호,_어선_포레나호_충돌사건","충돌_카페리화물선_금광11호,_어선_제27만창호_충돌사건",0.726
"충돌_낚시어선_블랙이글호,_모터보트_성진호_충돌사건","충돌_카페리화물선_금광11호,_어선_제27만창호_충돌사건",0.7209
충돌_어선_제607명성호_일반화물선_트러윈드어코드_충돌사건,"충돌_카페리화물선_금광11호,_어선_제27만창호_충돌사건",0.7156
"충돌_기타선_코롤2호,_일반화물선_엠엠러너_충돌사건",충돌_카페리화물선_미래15호.도선_죽도_해바라기호_충돌사건,0.7334
"충돌_낚시어선_스피드호,_어선_풍정호_충돌사건",충돌_카페리화물선_미래15호.도선_죽도_해바라기호_충돌사건,0.7235
충돌_어선_제103금진호_유조선_에스엠화이트훼일1_충돌사건,"충돌_컨테이너선_홍콩_보이저호,_컨테이너선_티엔_푸_허_충돌사건",0.7184
접촉_예인선_303고려호의_피예인부선_5005영빈호_시아해등부표접촉사건,"충돌_컨테이너선_홍콩_보이저호,_컨테이너선_티엔_푸_허_충돌사건",0.7089
충돌_어선_삼운호.어선_제3일광호_충돌사건,"충돌_컨테이너선_홍콩_보이저호,_컨테이너선_티엔_푸_허_충돌사건",0.7071
충돌_시멘트운반선_수성에이스호_어선_1신창호_충돌사건,"충돌_컨테이너운반선_동진엔터프라이즈,_일반화물선_삼성2호_충돌사건",0.7411
"충돌_어선_제902금성호,_일반화물선_순신_충돌사건","충돌_컨테이너운반선_동진엔터프라이즈,_일반화물선_삼성2호_충돌사건",0.7133
좌초_어선_창원호_좌초사건,"충돌_컨테이너운반선_동진엔터프라이즈,_일반화물선_삼성2호_충돌사건",0.7105
기관손상_카페리여객선_섬사랑6호_기관손상사건,"충돌_컨테이너운반선_동진엔터프라이즈,_일반화물선_삼성2호_충돌사건",0.7086
인명사상_통선_제1동양호_승객사망사건,충돌_컨테이너운반선_요코하마_트레이더_예인선_901조양의_피예인부선_세방2_d0606463,0.7369
접촉_예인선_303고려호의_피예인부선_5005영빈호_시아해등부표접촉사건,충돌_컨테이너운반선_요코하마_트레이더_예인선_901조양의_피예인부선_세방2_d0606463,0.7419
"충돌_케미컬운반선_포천수완,_원유운반선_프론트_더체스_충돌사건",해양오염_일반화물선_포스_해양오염사건,0.6896
충돌_석유제품운반선_에이원·급수선_삼양201호_충돌사건,"충돌_케미컬운반선_포천수완,_원유운반선_프론트_더체스_충돌사건",0.6911
"충돌_케미컬운반선_포천수완,_원유운반선_프론트_더체스_충돌사건",해양오염_유류_및_액체화학품산적운반선_우석호_해양오염사건,0.7012
"충돌_케미컬운반선_포천수완,_원유운반선_프론트_더체스_충돌사건",화재_예인선_에스에스_티3_화재사건,0.7198
충돌_어선_삼운호.어선_제3일광호_충돌사건,충돌_화물_및_카페리선_세주프런티어호&기타선_해천마린2호,0.7829
좌초_여객선_북도고속페리호_좌초사건_1,충돌_화물_및_카페리선_세주프런티어호&기타선_해천마린2호,0.7582
충돌_카페리여객선_오션_비스타_제주&해경함_3012함_충돌사건,충돌_화물_및_카페리선_세주프런티어호&기타선_해천마린2호,0.7566
"충돌_화물_및_카페리선_케이에스_헤르메스호,_액화천연가스운반선_에스엠__8b440578",화재_일반화물선_한진그린호_화재사건,0.7231
인명사상_유류_및_액체화학품_산적운반선_한림에이스_선원사망사건,"충돌_화물_및_카페리선_케이에스_헤르메스호,_액화천연가스운반선_에스엠__8b440578",0.7106
"충돌_낚시어선_500형빈호,_모터보트_킹스마린호_충돌사건",충돌_화물선_헤세드호.어선_길영호_충돌사건,0.7408
충돌_어선_대복호.어선_아진호_충돌사건,충돌_화물선_헤세드호.어선_길영호_충돌사건,0.7451
"충돌_청항선_포항해양3호,_어선_해동호_충돌사건",충돌_화물선_헤세드호.어선_길영호_충돌사건,0.7386
인명사상_컨테이너선_홍콩_보이저_선원사망사건,침몰_기타선_대곡호_침몰사건,0.6393
인명사상_통선_제1동양호_승객사망사건,침몰_기타선_대곡호_침몰사건,0.6503
인명사상_예인선_전남912호의_피예인부선_6001고려호_선원사망사건,침몰_기타선_대곡호_침몰사건,0.6159
전복_예인선_153강성5호의_피예인부선_강성3500호_전복사건,침몰_기타선_대곡호_침몰사건,0.612
접촉_여객선_샹쉐란_부두접촉사건,침몰_기타선_동평호_침몰사건,0.7141
충돌_예인선_부경103호의_피예인부선_광진1501호·어선_신성호_충돌사건,침몰_기타선_동평호_침몰사건,0.7196
침몰_기타선_동평호_침몰사건,해양오염_석유제품운반선_제9원양호_해양오염사건,0.7112
좌초_예인선_해건티1호의_피예인부선_해건9001호_좌초사건,침몰_기타선_동평호_침몰사건,0.7093
접촉_예인선_303고려호의_피예인부선_5005영빈호_시아해등부표접촉사건,침몰_녹조제거선_무등록부선_침몰사건,0.7507
충돌_일반화물선_대호제주ㆍ어선_한연호_충돌사건,침몰_녹조제거선_무등록부선_침몰사건,0.7414
추진축계손상_이접안용예선_대동11호_추진축계_손상사건,침몰_녹조제거선_무등록부선_침몰사건,0.7237
충돌_카페리여객선_오션_비스타_제주&해경함_3012함_충돌사건,침몰_녹조제거선_무등록부선_침몰사건,0.7228
인명사상_어선_제237양창호_선원사망사건,침몰_방제선_물사랑호_침몰사건,0.7093
기타_어선_신아호_침수사건,침몰_방제선_물사랑호_침몰사건,0.7091
침몰_방제선_물사랑호_침몰사건,화재_어선_경일호_화재사건,0.7071
침몰_방제선_물사랑호_침몰사건,침몰_어선_제1두두호_침몰사건,0.7038
기타_산적화물선_씨칭다오_기관실_침수사건,침몰_어선_고려호의_피예인어선_금강호_침몰사건,0.6921
침몰_어선_고려호의_피예인어선_금강호_침몰사건,침몰_예인선_제66동원호_침몰사건,0.6922
침몰_어선_고려호의_피예인어선_금강호_침몰사건,해양오염_석유제품운반선_삼우7호_해양오염사건,0.7332
전복_어선_제1부경호_전복사건,침몰_어선_고려호의_피예인어선_금강호_침몰사건,0.7042
충돌_어선_203원창호_어선_제3광림호_충돌사건,침몰_어선_유동호·어선_유동2호_침몰사건,0.7681
충돌_어선_제69해동호&산적화물선_오션레전드_충돌사건,침몰_어선_제127대양호_침몰사건,0.7658
충돌_어선_제27화승호&어선_화경호_충돌사건,침몰_어선_제127대양호_침몰사건,0.7345
좌초_어선_제105신광호_좌초사건,침몰_어선_제127대양호_침몰사건,0.7589
충돌_어선_제76대창호.어선_제2대부호_충돌사건,침몰_어선_제1두두호_침몰사건,0.747
인명사상_어선_원성호_선원부상사건(약식),침몰_어선_제1두두호_침몰사건,0.7554
좌초_어선_제105신광호_좌초사건,침몰_어선_제2나일호_침몰사건,0.7502
침몰_어선_제2나일호_침몰사건,화재_제2017국제호_화재사건,0.7679
충돌_예인선_77신정호의_피예인부선_케이제이-3001호_낚시어선_은빛호_충돌ᄉ_6691206a,침몰_어선_제71용득호_침몰사건,0.7444
접촉_컨테이너선_스타_익스프레스_부두시설_접촉사건,침몰_어선_제71용득호_침몰사건,0.738
기타_어선_신아호_침수사건,침몰_어선_제71용득호_침몰사건,0.738
좌초_어선_해영호_좌초사건,침몰_예인선_707대진호의_피예인부선_제202한성호_침몰사건,0.6185
침몰_예인선_707대진호의_피예인부선_제202한성호_침몰사건,화재_예인선_서진호_화재사건,0.6786
침몰_어선_제1두두호_침몰사건,침몰_예인선_707대진호의_피예인부선_제202한성호_침몰사건,0.6542
충돌_카페리여객선_한일골드스텔라호&일반화물선_제107대양호_충돌사건,침몰_예인선_707대진호의_피예인부선_제202한성호_침몰사건,0.6351
접촉_유선_한강아라_마포대교_접촉사건,침몰_예인선_7삼영호_침몰사건,0.5968
충돌_석유제품운반선_카리스_낚시어선_선경호_충돌사건,침몰_예인선_7삼영호_침몰사건,0.6159
침몰_예인선_7삼영호_침몰사건,화재_어선_제927영창호_화재사건,0.5955
전복_어선_제708만복호_전복사건,침몰_예인선_7삼영호_침몰사건,0.5862
인명사상_어선_제309부영호_선원사망사건,침몰_예인선_금신101호_침몰사건,0.723
충돌_어선_제2019하람호-어선_수광호_충돌사건,침몰_예인선_금신101호_침몰사건,0.7186
"충돌_어선_정원호,_어선_제109신광호_충돌사건",침몰_예인선_금신101호_침몰사건,0.7087
좌초_어선_정일호_좌초사건,침몰_예인선_금신101호_침몰사건,0.7008
접촉_컨테이너선_스타_익스프레스_부두시설_접촉사건,침몰_예인선_신동2_침몰사건,0.724
침몰_예인선_신동2_침몰사건,침몰_예인선_제66동원호_침몰사건,0.7998
인명사상_어선_제101순흥호_선원부상사건,침몰_예인선_신동2_침몰사건,0.736
인명사상_어선_제203대영호_선원부상사건,침몰_예인선_신동2_침몰사건,0.7226
전복_어선_제2014민성호_전복사건,침몰_예인선_제2종영호_침몰사건,0.7363
침몰_어선_제1두두호_침몰사건,침몰_예인선_제2종영호_침몰사건,0.7154
충돌_어선_삼운호.어선_제3일광호_충돌사건,침몰_예인선_제66동원호_침몰사건,0.7641
접촉_예인선_303고려호의_피예인부선_5005영빈호_시아해등부표접촉사건,침몰_예인선_제66동원호_침몰사건,0.7652
기타_예인선_강남티-15호_침수사건,침몰_일반화물선_현대_패션호_침몰사건,0.7114
인명사상_어선_제101순흥호_선원부상사건,침몰_일반화물선_현대_패션호_침몰사건,0.7117
침몰_예인선_제66동원호_침몰사건,침몰_일반화물선_현대_패션호_침몰사건,0.7148
충돌_어선_삼운호.어선_제3일광호_충돌사건,침몰_일반화물선_현대_패션호_침몰사건,0.7101
폭발_기타유조선_제3우진호_폭발사건,해양오염_석유제품운반선_미션_해양오염사건,0.7219
폭발_기타유조선_제3우진호_폭발사건,해양오염_석유제품운반선_삼우7호_해양오염사건,0.7248
폭발_기타유조선_제3우진호_폭발사건,해양오염_유류_및_액체화학품산적운반선_뉴하모니호_해양오염사건,0.6759
폭발_기타유조선_제3우진호_폭발사건,해양오염_석유제품운반선_보광토파즈_해양오염사건,0.6753
좌초_예인선_해건티1호의_피예인부선_해건9001호_좌초사건,폭발_어선_209금영호_폭발사건,0.6884
폭발_어선_209금영호_폭발사건,해양오염_일반화물선_포스_해양오염사건,0.6907
폭발_어선_209금영호_폭발사건,화재_어선_제301한창호_화재사건,0.69
충돌_카페리여객선_섬드리비금농협고속페리_기관손상사건,폭발_어선_209금영호_폭발사건,0.689
폭발_어선_금강1호_폭발사건,해양오염_어선_제155희영호_해양오염사건,0.733
폭발_어선_금강1호_폭발사건,해양오염_석유제품운반선_보광토파즈_해양오염사건,0.7343
폭발_어선_금강1호_폭발사건,화재_낚시어선_오션파티호_폭발사건,0.7534
폭발_어선_금강1호_폭발사건,화재_어선_제509유일호_화재사건,0.7368
폭발_어선_누리호_폭발사건,화재_어선_제301한창호_화재사건,0.7378
폭발_어선_누리호_폭발사건,해양오염_예인선_동아티3호_해양오염사건,0.7219
폭발_어선_누리호_폭발사건,해양오염_예인선_금호스타호_해양오염사건,0.7117
폭발_어선_누리호_폭발사건,화재_예인선_에스에스_티3_화재사건,0.7025
전복_어선_제7074창진호_전복사건,폭발_어선_청해7호_폭발사건,0.7106
폭발_어선_청해7호_폭발사건,화재_카페리선_골드카페리호_화재사건,0.71
폭발_어선_청해7호_폭발사건,화재_어선_제509유일호_화재사건,0.734
폭발_어선_청해7호_폭발사건,해양오염_예인선_광진107호_해양오염사건,0.7288
폭발_어선_해달수산호_폭발사건,화재_어선_제509유일호_화재사건,0.6999
폭발_어선_해달수산호_폭발사건,해양오염_유류운반부선_은성_해양오염사건,0.6988
폭발_어선_해달수산호_폭발사건,화재_카페리선_골드카페리호_화재사건,0.697
폭발_어선_해달수산호_폭발사건,해양오염_액체화학품산적운반선_107효동케미_해양오염사건,0.6921
폭발_컨테이너선_케이엠티씨_홍콩호_폭발사건,해양오염_카페리선_씨월드_마린_해양오염사건,0.6855
해양오염_건설기계등록_준설선_해양오염사건,해양오염_어선_제89보광호_해양오염사건,0.6975
좌초_모래운반선_505삼일호_좌초사건,해양오염_건설기계등록_준설선_해양오염사건,0.7268
해양오염_건설기계등록_준설선_해양오염사건,해양오염_카페리선_씨월드_마린_해양오염사건,0.6905
좌초_어선_해성호_좌초사건,해양오염_건설기계등록_준설선_해양오염사건,0.6714
전복_어선_제2014민성호_전복사건,해양오염_부선_에스비1603호_해양오염사건,0.7179
해양오염_부선_에스비1603호_해양오염사건,해양오염_예인선_창일201호_해양오염사건,0.6979
해양오염_부선_에스비1603호_해양오염사건,해양오염_일반화물선_포스_해양오염사건,0.6953
해양오염_부선_에스비1603호_해양오염사건,해양오염_예인선_303종영호_해양오염사건,0.6921
해양오염_부선_제108송양호_해양오염사건,해양오염_예인선_태성2000호_해양오염사건,0.7527
해양오염_부선_제108송양호_해양오염사건,해양오염_석유제품운반선_아람_해양오염사건,0.7702
해양오염_부선_제108송양호_해양오염사건,해양오염_유류_및_액체화학품산적운반선_우석호_해양오염사건,0.7423
해양오염_부선_제108송양호_해양오염사건,해양오염_예인선_태양21호_해양오염사건,0.736
해양오염_석유제품운반선_덕성2호_해양오염사건,해양오염_석유제품운반선_아람_해양오염사건,0.7557
해양오염_석유제품운반선_덕성2호_해양오염사건,해양오염_예인선_태성2000호_해양오염사건,0.7471
해양오염_석유제품운반선_덕성2호_해양오염사건,해양오염_유류_및_액체화학품산적운반선_우석호_해양오염사건,0.8082
접촉_석유제품운반선_삼진1호_방파제접촉사건,해양오염_석유제품운반선_덕성2호_해양오염사건,0.7436
해양오염_석유제품운반선_미션_해양오염사건,해양오염_유류_및_액체화학품산적운반선_우석호_해양오염사건,0.7664
해양오염_석유제품운반선_미션_해양오염사건,해양오염_석유제품운반선_아람_해양오염사건,0.7655
해양오염_석유제품운반선_미션_해양오염사건,해양오염_석유제품운반선_보광토파즈_해양오염사건,0.7448
해양오염_석유제품운반선_미션_해양오염사건,해양오염_석유제품운반선_아성호_해양오염사건,0.7407
해양오염_석유제품운반선_보광토파즈_해양오염사건,해양오염_유류_및_액체화학품산적운반선_그레이스_해양오염사건,0.7917
해양오염_석유제품운반선_보광토파즈_해양오염사건,해양오염_석유제품운반선_아람_해양오염사건,0.7741
해양오염_석유제품운반선_보광토파즈_해양오염사건,해양오염_어선_제155희영호_해양오염사건,0.7714
해양오염_석유제품운반선_보광토파즈_해양오염사건,해양오염_유류운반부선_5덕승호_해양오염사건,0.7697
해양오염_석유제품운반선_보광토파즈_해양오염사건,해양오염_석유제품운반선_삼우7호_해양오염사건,0.7684
해양오염_석유제품운반선_삼우7호_해양오염사건,해양오염_카페리여객선_슬로아일랜드_해양오염사건,0.7774
해양오염_석유제품운반선_삼우7호_해양오염사건,해양오염_어선_제155희영호_해양오염사건,0.7598
해양오염_석유제품운반선_삼우7호_해양오염사건,해양오염_유류운반부선_은성_해양오염사건,0.736
해양오염_석유제품운반선_아람_해양오염사건,해양오염_유류운반부선_5덕승호_해양오염사건,0.7784
해양오염_석유제품운반선_아람_해양오염사건,해양오염_예인선_태성2000호_해양오염사건,0.7805
해양오염_석유제품운반선_아람_해양오염사건,해양오염_유류_및_액체화학품산적운반선_우석호_해양오염사건,0.7842
해양오염_석유제품운반선_아람_해양오염사건,해양오염_석유제품운반선_아성호_해양오염사건,0.759
해양오염_석유제품운반선_아성호_해양오염사건,해양오염_예인선_금호스타호_해양오염사건,0.7387
해양오염_석유제품운반선_제9원양호_해양오염사건,해양오염_예인선_태성2000호_해양오염사건,0.6969
충돌_액화석유가스운반선_제9에스제이가스_케미칼운반선_케이티에스블루_89fde571,해양오염_석유제품운반선_제9원양호_해양오염사건,0.6979
해양오염_석유제품운반선_덕성2호_해양오염사건,해양오염_석유제품운반선_제9원양호_해양오염사건,0.7182
해양오염_액체화학품산적운반선_107효동케미_해양오염사건,해양오염_유류운반부선_은성_해양오염사건,0.7961
해양오염_액체화학품산적운반선_107효동케미_해양오염사건,해양오염_어선_제123대양호_해양오염사건,0.7717
해양오염_액체화학품산적운반선_107효동케미_해양오염사건,해양오염_유류운반부선_5덕승호_해양오염사건,0.7479
충돌_어선_제102일광호_일반화물선_헬렌_충돌사건,해양오염_어선_제111대진호_해양오염사건,0.6048
접촉_예인선_광진107호_부두접촉사건,해양오염_어선_제111대진호_해양오염사건,0.6208
인명사상_어선_제7대성호_선원사망사건,해양오염_어선_제111대진호_해양오염사건,0.6093
충돌_군함_마라도함_원양어선_제718오룡호_충돌사건,해양오염_어선_제111대진호_해양오염사건,0.6498
해양오염_어선_제123대양호_해양오염사건,해양오염_유류운반부선_은성_해양오염사건,0.8323
해양오염_어선_제123대양호_해양오염사건,해양오염_예인선_태성2000호_해양오염사건,0.7732
해양오염_어선_제123대양호_해양오염사건,화재_예인선_에스에스_티3_화재사건,0.7531
해양오염_어선_제155희영호_해양오염사건,해양오염_예인선_태성2000호_해양오염사건,0.8032
해양오염_어선_제155희영호_해양오염사건,해양오염_예인선_태양21호_해양오염사건,0.7793
기타_어선_신아호_침수사건,해양오염_어선_제89보광호_해양오염사건,0.6736
인명사상_어선_제21남경호_부유물감김사건으로_인한_선원사망사건,해양오염_어선_제89보광호_해양오염사건,0.6887
해양오염_어선_제89보광호_해양오염사건,해양오염_일반화물선_포스_해양오염사건,0.6689
해양오염_석유제품운반선_미션_해양오염사건,해양오염_예인선_303종영호_해양오염사건,0.7163
충돌_예인선_부경103호의_피예인부선_광진1501호·어선_신성호_충돌사건,해양오염_예인선_303종영호_해양오염사건,0.7262
기타_어선_신아호_침수사건,해양오염_예인선_303종영호_해양오염사건,0.7187
해양오염_석유제품운반선_아람_해양오염사건,해양오염_예인선_광진107호_해양오염사건,0.7678
해양오염_예인선_광진107호_해양오염사건,해양오염_예인선_태양21호_해양오염사건,0.7829
해양오염_예인선_광진107호_해양오염사건,해양오염_유류_및_액체화학품산적운반선_우석호_해양오염사건,0.7555
해양오염_예인선_금호스타호_해양오염사건,해양오염_유류_및_액체화학품산적운반선_우석호_해양오염사건,0.7655
해양오염_석유제품운반선_아람_해양오염사건,해양오염_예인선_금호스타호_해양오염사건,0.7635
해양오염_예인선_금호스타호_해양오염사건,해양오염_예인선_태성2000호_해양오염사건,0.7624
해양오염_예인선_금호스타호_해양오염사건,해양오염_일반화물선_포스_해양오염사건,0.7621
해양오염_석유제품운반선_덕성2호_해양오염사건,해양오염_예인선_동아티3호_해양오염사건,0.741
좌초_예인선_해건티1호의_피예인부선_해건9001호_좌초사건,해양오염_예인선_동아티3호_해양오염사건,0.7378
해양오염_예인선_동아티3호_해양오염사건,해양오염_카페리선_씨월드_마린_해양오염사건,0.7618
접촉_예인선_153강성호5호_양식장_접촉사건,해양오염_예인선_창일201호_해양오염사건,0.6978
전복_예인선_153강성5호의_피예인부선_강성3500호_전복사건,해양오염_예인선_창일201호_해양오염사건,0.6958
해양오염_예인선_창일201호_해양오염사건,해양오염_예인선_태성2000호_해양오염사건,0.694
해양오염_예인선_태성2000호_해양오염사건,해양오염_유류운반부선_은성_해양오염사건,0.7825
해양오염_예인선_태성2000호_해양오염사건,해양오염_일반화물선_포스_해양오염사건,0.7925
해양오염_예인선_태성2000호_해양오염사건,해양오염_예인선_태양21호_해양오염사건,0.7782
해양오염_예인선_태양21호_해양오염사건,해양오염_유류_및_액체화학품산적운반선_우석호_해양오염사건,0.8009
해양오염_유류_및_액체화학품산적운반선_그레이스_해양오염사건,해양오염_카페리여객선_슬로아일랜드_해양오염사건,0.7592
해양오염_유류_및_액체화학품산적운반선_그레이스_해양오염사건,해양오염_유류운반부선_은성_해양오염사건,0.7705
해양오염_예인선_태성2000호_해양오염사건,해양오염_유류_및_액체화학품산적운반선_그레이스_해양오염사건,0.755
해양오염_석유제품운반선_미션_해양오염사건,해양오염_유류_및_액체화학품산적운반선_뉴하모니호_해양오염사건,0.6752
해양오염_예인선_태성2000호_해양오염사건,해양오염_유류_및_액체화학품산적운반선_뉴하모니호_해양오염사건,0.6726
시설물손상_유류_및_액체화학품산적운반선_거영드림3_폭발사건,해양오염_유류_및_액체화학품산적운반선_뉴하모니호_해양오염사건,0.6655
해양오염_예인선_태성2000호_해양오염사건,해양오염_유류_및_액체화학품산적운반선_우석호_해양오염사건,0.767
해양오염_어선_제155희영호_해양오염사건,해양오염_유류운반부선_5덕승호_해양오염사건,0.7553
해양오염_유류운반부선_5덕승호_해양오염사건,해양오염_유류운반부선_은성_해양오염사건,0.7702
해양오염_인천해심_제2025-013호_유류_및_액체화학품운반선_범영_해양오염_56318a7f,해양오염_카페리선_씨월드_마린_해양오염사건,0.7097
해양오염_유류운반부선_은성_해양오염사건,해양오염_인천해심_제2025-013호_유류_및_액체화학품운반선_범영_해양오염_56318a7f,0.7197
해양오염_유류운반부선_5덕승호_해양오염사건,해양오염_인천해심_제2025-013호_유류_및_액체화학품운반선_범영_해양오염_56318a7f,0.7397
해양오염_석유제품운반선_아람_해양오염사건,해양오염_인천해심_제2025-013호_유류_및_액체화학품운반선_범영_해양오염_56318a7f,0.7348
해양오염_유류_및_액체화학품산적운반선_우석호_해양오염사건,해양오염_일반화물선_포스_해양오염사건,0.7548
해양오염_예인선_태성2000호_해양오염사건,해양오염_카페리선_씨월드_마린_해양오염사건,0.7564
해양오염_예인선_금호스타호_해양오염사건,해양오염_카페리선_씨월드_마린_해양오염사건,0.7405
해양오염_카페리선_씨월드_마린_해양오염사건,해양오염_카페리여객선_슬로아일랜드_해양오염사건,0.7746
해양오염_예인선_태성2000호_해양오염사건,해양오염_카페리여객선_슬로아일랜드_해양오염사건,0.7519
해양오염_어선_제155희영호_해양오염사건,해양오염_컨테이너선_스카이_티아라_해양오염사건,0.7025
해양오염_예인선_태성2000호_해양오염사건,해양오염_컨테이너선_스카이_티아라_해양오염사건,0.7348
해양오염_유류운반부선_5덕승호_해양오염사건,해양오염_컨테이너선_스카이_티아라_해양오염사건,0.7207
해양오염_카페리선_씨월드_마린_해양오염사건,해양오염_컨테이너선_스카이_티아라_해양오염사건,0.7364
인명사상_어선_한별호_선원사망사건,행방불명_어선_대금호_선원실종사건,0.7436
"충돌_어선_윤성호,_산적화물선_제이씨_루비_충돌사건",행방불명_어선_대금호_선원실종사건,0.7331
좌초_어선_제2019덕성호_좌초사건,행방불명_어선_대금호_선원실종사건,0.7329
인명사상_어선_209대청호_선원사망사건,행방불명_어선_대금호_선원실종사건,0.7248
인명사상_어선_청강호_선원사망사건,행방불명_어선_제2020유진호_선원실종사건,0.7294
좌초_어선_해성호_좌초사건,행방불명_어선_제2020유진호_선원실종사건,0.7241
충돌_어선_부성호.어선_해성호_충돌사건,행방불명_어선_제2020유진호_선원실종사건,0.7207
인명사상_어선_선경2호_선원사망사건,행방불명_어선_제2020유진호_선원실종사건,0.7099
충돌_어선_대영호_선원사망사건,행방불명_어선_제3입성호_선원실종사건,0.7693
인명사상_어선_은진호_선원사망사건,행방불명_어선_제3입성호_선원실종사건,0.7636
"충돌_어선_제111금성호,_어선_선우호_충돌사건",행방불명_어선_제8088해정호_선원실종사건,0.7159
인명사상_어선_제307영용호_선원사망사건,행방불명_어선_제8088해정호_선원실종사건,0.7871
인명사상_어선_은진호_선원사망사건,행방불명_어선_제8088해정호_선원실종사건,0.7294
인명사상_어선_제77태광호_선원부상사건,행방불명_어선_태건호_선원실종사건,0.6953
인명사상_어선_동운호_선원사망사건,행방불명_어선_태건호_선원실종사건,0.6881
인명사상_어선_제388미래호_선원사망사건,행방불명_어선_태건호_선원실종사건,0.6867
인명사상_어선_명성호_선원사상사건,행방불명_어선_해금호_선원실종사건,0.7552
화재_기타선_리스폰더_화재사건,화재_어선_서윤호_화재사건,0.7254
화재_기타선_리스폰더_화재사건,화재_어선_201태창호_화재사건,0.7202
화재_기타선_리스폰더_화재사건,화재_어선_제102동해호_화재사건,0.7078
화재_기타선_리스폰더_화재사건,화재_어선_제509유일호_화재사건,0.7076
화재_낚시어선_그랜드호_화재사건,화재_원양어선_슐_에스테709호_화재사건,0.7514
화재_낚시어선_그랜드호_화재사건,화재_어선_효성호_등_6척_화재사건,0.7637
화재_낚시어선_그랜드호_화재사건,화재_어선_제107부창호_화재사건,0.7434
화재_낚시어선_그랜드호_화재사건,화재_어선_해안호_등_3척_화재사건,0.725
화재_낚시어선_금까마귀호_화재사건,화재_어선_영남호_화재사건,0.7804
화재_낚시어선_금까마귀호_화재사건,화재_낚시어선_파워호_화재사건,0.789
화재_낚시어선_금까마귀호_화재사건,화재_어선_길창호_화재사건,0.7768
화재_낚시어선_금까마귀호_화재사건,화재_어선_제365청신호_화재사건,0.7436
충돌_어선_삼양호.낚시어선_대진호_충돌사건,화재_낚시어선_영석호_화재사건,0.71
접촉_낚시어선_뉴여명호_갯바위_접촉사건,화재_낚시어선_영석호_화재사건,0.6791
좌초_어선_창원호_좌초사건,화재_낚시어선_영석호_화재사건,0.6859
해양오염_어선_제155희영호_해양오염사건,화재_낚시어선_오션파티호_폭발사건,0.7494
해양오염_석유제품운반선_보광토파즈_해양오염사건,화재_낚시어선_오션파티호_폭발사건,0.7317
화재_낚시어선_오션파티호_폭발사건,화재_어선_벽강호_화재사건,0.7187
화재_낚시어선_트레비스호_화재사건,화재_어선_수진호_등_7척_화재사건,0.7076
화재_낚시어선_트레비스호_화재사건,화재_어선_제105대승호_화재사건,0.6685
충돌_어선_제76대창호.어선_제2대부호_충돌사건,화재_낚시어선_트레비스호_화재사건,0.6623
인명사상_석유제품운반선_한유비전_선원부상사건,화재_낚시어선_트레비스호_화재사건,0.6608
화재_낚시어선_파워호_화재사건,화재_어선_영남호_화재사건,0.7529
화재_낚시어선_파워호_화재사건,화재_어선_제7성현호_화재사건,0.7525
화재_낚시어선_파워호_화재사건,화재_어선_제365청신호_화재사건,0.7416
화재_모터보트_사라토카_화재사건,화재_어선_제107부창호_화재사건,0.7244
화재_모터보트_사라토카_화재사건,화재_어선_201태창호_화재사건,0.7858
화재_모터보트_사라토카_화재사건,화재_어선_제102동해호_화재사건,0.7577
화재_모터보트_사라토카_화재사건,화재_어선_제509유일호_화재사건,0.7208
화재_석유제품운반선_태화1호_화재사건,화재_어선_제107부창호_화재사건,0.7419
화재_석유제품운반선_태화1호_화재사건,화재_어선_서윤호_화재사건,0.7363
화재_석유제품운반선_태화1호_화재사건,화재_어선_효성호_등_6척_화재사건,0.7214
화재_석유제품운반선_태화1호_화재사건,화재_어선_영진호_화재사건,0.7193
화재_어선_201태창호_화재사건,화재_어선_제509유일호_화재사건,0.7856
화재_어선_201태창호_화재사건,화재_어선_제365청신호_화재사건,0.7941
화재_어선_201태창호_화재사건,화재_어선_영진호_화재사건,0.7826
침몰_어선_유동호·어선_유동2호_침몰사건,화재_어선_경일호_화재사건,0.74
침몰_예인선_제66동원호_침몰사건,화재_어선_경일호_화재사건,0.739
좌초_어선_21길성호_좌초사건,화재_어선_경일호_화재사건,0.7576
화재_어선_기원호_등_4척_화재사건,화재_어선_효성호_등_6척_화재사건,0.7332
화재_어선_기원호_등_4척_화재사건,화재_어선_용성호_화재사건(약식),0.7281
화재_어선_기원호_등_4척_화재사건,화재_어선_제107부창호_화재사건,0.7288
화재_어선_기원호_등_4척_화재사건,화재_어선_채민호_화재사건,0.7088
화재_어선_길창호_화재사건,화재_어선_제7성현호_화재사건,0.7456
화재_어선_길창호_화재사건,화재_어선_영남호_화재사건,0.7633
화재_어선_길창호_화재사건,화재_어선_평안2호_화재사건,0.7864
충돌_어선_제703유경호_어선_세양호_충돌사건,화재_어선_대성호_화재사건,0.6753
충돌_어선_제2019하람호-어선_수광호_충돌사건,화재_어선_대성호_화재사건,0.6697
인명사상_어선_제309부영호_선원사망사건,화재_어선_대성호_화재사건,0.6626
좌초_어선_303우진호_좌초사건,화재_어선_대성호_화재사건,0.6615
화재_어선_만금호_화재사건,화재_어선_제1금강호_화재사건,0.7735
화재_어선_만금호_화재사건,화재_어선_제927영창호_화재사건,0.7538
화재_어선_만금호_화재사건,화재_어선_방주호_화재사건,0.7409
화재_어선_201태창호_화재사건,화재_어선_만금호_화재사건,0.7342
화재_어선_방주호_화재사건,화재_어선_영남호_화재사건,0.7432
화재_어선_방주호_화재사건,화재_어선_제1금강호_화재사건,0.7826
화재_어선_방주호_화재사건,화재_어선_제365청신호_화재사건,0.8141
화재_어선_방주호_화재사건,화재_카페리여객선_비금아일랜드호_화재사건,0.7466
충돌_어선_윤정호.어선_영남호_충돌사건,화재_어선_배양호_화재사건,0.7235
좌초_어선_제83양진호_좌초사건,화재_어선_배양호_화재사건,0.7205
화재_어선_벽강호_화재사건,화재_어선_제107부창호_화재사건,0.7678
화재_어선_벽강호_화재사건,화재_어선_제102동해호_화재사건,0.7364
화재_어선_벽강호_화재사건,화재_어선_안진호_화재사건,0.7197
화재_어선_벽강호_화재사건,화재_어선_제1금강호_화재사건,0.7404
화재_어선_서윤호_화재사건,화재_어선_제105대승호_화재사건,0.7837
화재_어선_서윤호_화재사건,화재_어선_제102동해호_화재사건,0.7791
화재_어선_서윤호_화재사건,화재_어선_제107부창호_화재사건,0.7648
화재_어선_서윤호_화재사건,화재_제2017국제호_화재사건,0.764
화재_어선_경일호_화재사건,화재_어선_수정호_화재사건,0.6834
기타_산적화물선_씨칭다오_기관실_침수사건,화재_어선_수정호_화재사건,0.6818
인명사상_어선_장미2호_선원사망사건,화재_어선_수정호_화재사건,0.6773
화재_어선_수정호_화재사건,화재_어선_제301한창호_화재사건,0.6699
충돌_일반화물선_광양7호_어선_해동호_충돌사건,화재_어선_수진호_등_7척_화재사건,0.6642
인명사상_어선_제286혜승호_선원사망사건,화재_어선_수진호_등_7척_화재사건,0.6581
좌초_어선_제105신광호_좌초사건,화재_어선_수진호_등_7척_화재사건,0.6418
화재_어선_신금영호_등_35척_화재사건,화재_어선_영남호_화재사건,0.66
화재_어선_신금영호_등_35척_화재사건,화재_어선_용성호_화재사건(약식),0.6574
화재_어선_신금영호_등_35척_화재사건,화재_어선_제7성현호_화재사건,0.6548
화재_낚시어선_파워호_화재사건,화재_어선_신금영호_등_35척_화재사건,0.6518
화재_어선_안진호_화재사건,화재_어선_제307해양호_화재사건,0.7418
화재_어선_안진호_화재사건,화재_어선_제509유일호_화재사건,0.7237
화재_어선_안진호_화재사건,화재_어선_제107부창호_화재사건,0.8185
화재_어선_영남호_화재사건,화재_어선_제365청신호_화재사건,0.7734
화재_어선_영진호_화재사건,화재_어선_용성호_화재사건(약식),0.7658
화재_어선_영진호_화재사건,화재_어선_제107부창호_화재사건,0.7718
화재_어선_영진호_화재사건,화재_어선_채민호_화재사건,0.7627
화재_어선_용성호_화재사건(약식),화재_어선_제107부창호_화재사건,0.754
화재_어선_서윤호_화재사건,화재_어선_용성호_화재사건(약식),0.7227
화재_어선_유조호_화재사건,화재_일반화물선_한진그린호_화재사건,0.7413
화재_어선_유조호_화재사건,화재_카페리여객선_비금아일랜드호_화재사건,0.7382
추진축계손상_도선_여수경도골프앤리조트호_추진축계손상사건,화재_어선_유조호_화재사건,0.7015
해양오염_일반화물선_포스_해양오염사건,화재_어선_유조호_화재사건,0.6906
화재_어선_제102동해호_화재사건,화재_어선_제107부창호_화재사건,0.7877
화재_어선_제102동해호_화재사건,화재_어선_채민호_화재사건,0.7832
화재_어선_제102동해호_화재사건,화재_어선_제3문성호_화재사건,0.7866
화재_어선_제103수복호_화재사건,화재_어선_제365청신호_화재사건,0.8277
화재_어선_제103수복호_화재사건,화재_카페리선_골드카페리호_화재사건,0.7493
화재_어선_201태창호_화재사건,화재_어선_제103수복호_화재사건,0.7499
화재_어선_영남호_화재사건,화재_어선_제103수복호_화재사건,0.7407
좌초_어선_제105신광호_좌초사건,화재_어선_제105대승호_화재사건,0.7632
화재_어선_제107부창호_화재사건,화재_어선_채민호_화재사건,0.802
화재_어선_제153대복호_등_3척_화재사건,화재_어선_채민호_화재사건,0.7027
화재_어선_기원호_등_4척_화재사건,화재_어선_제153대복호_등_3척_화재사건,0.7072
화재_어선_제107부창호_화재사건,화재_어선_제153대복호_등_3척_화재사건,0.7075
화재_어선_제153대복호_등_3척_화재사건,화재_유류_및_액체화학품운반선_팔콘케미스트호_화재사건,0.6832
화재_어선_영진호_화재사건,화재_어선_제1금강호_화재사건,0.757
화재_어선_제1금강호_화재사건,화재_어선_제365청신호_화재사건,0.7629
"충돌_어선_제903청룡호,_어선_제2010대승호_충돌사건",화재_어선_제212창성호_화재사건,0.7457
좌초_낚시어선_진스타호_좌초사건,화재_어선_제212창성호_화재사건,0.762
화재_어선_제212창성호_화재사건,화재_제2017국제호_화재사건,0.7839
화재_어선_제1금강호_화재사건,화재_어선_제2구봉호_등_7척_화재사건,0.7219
화재_어선_제2구봉호_등_7척_화재사건,화재_일반화물선_한진그린호_화재사건,0.749
화재_어선_제2구봉호_등_7척_화재사건,화재_어선_제509유일호_화재사건,0.7467
화재_어선_제2구봉호_등_7척_화재사건,화재_어선_제927영창호_화재사건,0.7267
좌초_예인선_해건티1호의_피예인부선_해건9001호_좌초사건,화재_어선_제301한창호_화재사건,0.732
화재_어선_제301한창호_화재사건,화재_예인선_에스에스_티3_화재사건,0.7216
화재_어선_제107부창호_화재사건,화재_어선_제307해양호_화재사건,0.7513
화재_어선_제307해양호_화재사건,화재_어선_제927영창호_화재사건,0.7466
화재_어선_제307해양호_화재사건,화재_어선_제365청신호_화재사건,0.7635
화재_어선_제365청신호_화재사건,화재_어선_제927영창호_화재사건,0.788
화재_어선_제3문성호_화재사건,화재_어선_채민호_화재사건,0.7934
화재_어선_제107부창호_화재사건,화재_어선_제3문성호_화재사건,0.7701
화재_어선_제509유일호_화재사건,화재_어선_채민호_화재사건,0.7652
화재_어선_제509유일호_화재사건,화재_어선_제927영창호_화재사건,0.7626
화재_어선_제7성현호_화재사건,화재_어선_해덕호_화재사건,0.7578
화재_어선_영남호_화재사건,화재_어선_제7성현호_화재사건,0.7519
화재_어선_201태창호_화재사건,화재_어선_제927영창호_화재사건,0.7818
화재_어선_제927영창호_화재사건,화재_제2017국제호_화재사건,0.7735
충돌_어선_제6용성호&어선_한일호_충돌사건,화재_어선_태양호_화재사건,0.6832
화재_어선_배양호_화재사건,화재_어선_태양호_화재사건,0.6825
전복_어선_제207남양호_전복사건,화재_어선_태양호_화재사건,0.6687
좌초_어선_경인3호_좌초사건,화재_어선_태양호_화재사건,0.6672
화재_어선_제7성현호_화재사건,화재_어선_평안2호_화재사건,0.7334
화재_낚시어선_금까마귀호_화재사건,화재_어선_평안2호_화재사건,0.7306
화재_어선_제1금강호_화재사건,화재_어선_평안2호_화재사건,0.7303
화재_어선_제509유일호_화재사건,화재_어선_한림호_화재사건,0.6864
화재_어선_제3문성호_화재사건,화재_어선_한림호_화재사건,0.6958
화재_어선_제365청신호_화재사건,화재_어선_한림호_화재사건,0.7044
화재_어선_영진호_화재사건,화재_어선_한림호_화재사건,0.7028
화재_어선_평안2호_화재사건,화재_어선_해덕호_화재사건,0.7248
화재_어선_길창호_화재사건,화재_어선_해덕호_화재사건,0.7323
화재_어선_영남호_화재사건,화재_어선_해덕호_화재사건,0.726
화재_어선_제105대승호_화재사건,화재_어선_해안호_등_3척_화재사건,0.6956
화재_어선_제1금강호_화재사건,화재_어선_해안호_등_3척_화재사건,0.7338
해양오염_예인선_금호스타호_해양오염사건,화재_어선_해안호_등_3척_화재사건,0.6936
화재_어선_효성호_등_6척_화재사건,화재_일체형압항선_적봉호의_압항부선_대봉_화재사건,0.7254
화재_예인선_88경영호_화재사건,화재_예인선_서진호_화재사건,0.7371
화재_예인선_88경영호_화재사건,화재_카페리선_골드카페리호_화재사건,0.7108
화재_어선_제103수복호_화재사건,화재_예인선_88경영호_화재사건,0.7094
화재_예인선_88경영호_화재사건,화재_유류_및_액체화학품운반선_팔콘케미스트호_화재사건,0.7059
접촉_예인선_153강성호5호_양식장_접촉사건,화재_예인선_서진호_화재사건,0.7104
인명사상_어선_제3명신호_선원사망사건,화재_예인선_서진호_화재사건,0.7415
인명사상_어선_제203대영호_선원부상사건,화재_예인선_서진호_화재사건,0.7069
화재_예인선_에스에스_티3_화재사건,화재_원양어선_슐_에스테709호_화재사건,0.7477
해양오염_유류운반부선_은성_해양오염사건,화재_예인선_에스에스_티3_화재사건,0.7485
해양오염_예인선_태양21호_해양오염사건,화재_예인선_에스에스_티3_화재사건,0.7465
화재_낚시어선_오션파티호_폭발사건,화재_예인선_태양21호의_피예인부선_태양5001호_화재사건,0.6501
화재_석유제품운반선_태화1호_화재사건,화재_예인선_태양21호의_피예인부선_태양5001호_화재사건,0.6897
화재_예인선_태양21호의_피예인부선_태양5001호_화재사건,화재_유류_및_액체화학품운반선_팔콘케미스트호_화재사건,0.6387
화재_어선_효성호_등_6척_화재사건,화재_예인선_태양21호의_피예인부선_태양5001호_화재사건,0.6238
해양오염_석유제품운반선_보광토파즈_해양오염사건,화재_원양어선_슐_에스테709호_화재사건,0.7359
해양오염_예인선_태성2000호_해양오염사건,화재_원양어선_슐_에스테709호_화재사건,0.7297
화재_어선_제509유일호_화재사건,화재_원양어선_아드리아_화재사건,0.7031
화재_어선_201태창호_화재사건,화재_원양어선_아드리아_화재사건,0.7123
화재_어선_제107부창호_화재사건,화재_원양어선_아드리아_화재사건,0.7001
화재_원양어선_아드리아_화재사건,화재_카페리선_골드카페리호_화재사건,0.6961
기관손상_카페리여객선_대형카훼리3호_기관손상사건,화재_유류_및_액체화학품운반선_뉴_브라이트_폭발사건,0.6568
기타_철광석운반선_솔라앰버(SOLAR_EMBER)_기타(선체외판손상)_사건,화재_유류_및_액체화학품운반선_뉴_브라이트_폭발사건,0.6268
화재_어선_채민호_화재사건,화재_유류_및_액체화학품운반선_뉴_브라이트_폭발사건,0.6238
인명사상_어선_한별호_선원사망사건,화재_유류_및_액체화학품운반선_뉴_브라이트_폭발사건,0.6221
화재_유류_및_액체화학품운반선_팔콘케미스트호_화재사건,화재_일체형압항선_적봉호의_압항부선_대봉_화재사건,0.7051
화재_유류_및_액체화학품운반선_팔콘케미스트호_화재사건,화재_일반화물선_한진그린호_화재사건,0.6872
화재_일반화물선_한진그린호_화재사건,화재_일체형압항선_적봉호의_압항부선_대봉_화재사건,0.8032
화재_일체형압항선_적봉호의_압항부선_대봉_화재사건,화재_카페리선_골드카페리호_화재사건,0.788
인명사상_어선_제307영용호_선원사망사건,화재_제2017국제호_화재사건,0.7925
충돌_어선_제27화승호&어선_화경호_충돌사건,화재_제2017국제호_화재사건,0.7868
화재_어선_영진호_화재사건,화재_카페리선_골드카페리호_화재사건,0.7372
화재_어선_201태창호_화재사건,화재_카페리선_골드카페리호_화재사건,0.7348
인명사상_어선_제309부영호_선원사망사건,화재_카페리여객선_비금아일랜드호_화재사건,0.7065
화재_일반화물선_한진그린호_화재사건,화재_카페리여객선_비금아일랜드호_화재사건,0.7004
화재_어선_제365청신호_화재사건,화재_카페리여객선_실버클라우드_화재사건,0.7547
화재_어선_201태창호_화재사건,화재_카페리여객선_실버클라우드_화재사건,0.7273
화재_어선_제927영창호_화재사건,화재_카페리여객선_실버클라우드_화재사건,0.7197
좌초_어선_창원호_좌초사건,화재_카페리여객선_실버클라우드_화재사건,0.7037
해양오염_어선_제123대양호_해양오염사건,화재_컨테이너선_시노코_요코하마호_화재사건,0.7317
화재_예인선_에스에스_티3_화재사건,화재_컨테이너선_시노코_요코하마호_화재사건,0.7315
해양오염_유류운반부선_은성_해양오염사건,화재_컨테이너선_시노코_요코하마호_화재사건,0.7104
화재_낚시어선_그랜드호_화재사건,화재_컨테이너선_시노코_요코하마호_화재사건,0.7091
